"OBSERVED_PROPERTY_ID";"OBSERVED_PROPERTY_CODE";"OBSERVED_PROPERTY_NAME";"OBSERVING_FACILITY_CODE";"OBSERVING_FACILITY_NAME";"PHENOMEN_TIME";"REFERENCE_TIME";"UOM";"VALUE";"NUTS_LEVEL";"SECTOR_ID"
1136685304;"RGN_DEU_P1Y_CH4_E_R_1001";"annually reported emissions of methane (CH4) from all sectors in kt/year";"DEA";"Land Nordrhein-Westfalen";"P1Y/2018-12-31";"2018-12-31";"kt/year";364.4;1;1001
1136685304;"RGN_DEU_P1Y_CH4_E_R_1001";"annually reported emissions of methane (CH4) from all sectors in kt/year";"DEB";"Land Rheinland-Pfalz";"P1Y/2018-12-31";"2018-12-31";"kt/year";75.7;1;1001
1136685304;"RGN_DEU_P1Y_CH4_E_R_1001";"annually reported emissions of methane (CH4) from all sectors in kt/year";"DEC";"Saarland";"P1Y/2018-12-31";"2018-12-31";"kt/year";14.9;1;1001
1136685304;"RGN_DEU_P1Y_CH4_E_R_1001";"annually reported emissions of methane (CH4) from all sectors in kt/year";"DED";"Freistaat Sachsen";"P1Y/2018-12-31";"2018-12-31";"kt/year";84.2;1;1001
1136685304;"RGN_DEU_P1Y_CH4_E_R_1001";"annually reported emissions of methane (CH4) from all sectors in kt/year";"DEE";"Land Sachsen-Anhalt";"P1Y/2018-12-31";"2018-12-31";"kt/year";79.9;1;1001
1136685304;"RGN_DEU_P1Y_CH4_E_R_1001";"annually reported emissions of methane (CH4) from all sectors in kt/year";"DEF";"Land Schleswig-Holstein";"P1Y/2018-12-31";"2018-12-31";"kt/year";135.9;1;1001
1136685304;"RGN_DEU_P1Y_CH4_E_R_1001";"annually reported emissions of methane (CH4) from all sectors in kt/year";"DEG";"Freistaat Thüringen";"P1Y/2018-12-31";"2018-12-31";"kt/year";61;1;1001
1136685304;"RGN_DEU_P1Y_CH4_E_R_1001";"annually reported emissions of methane (CH4) from all sectors in kt/year";"DE1";"Land Baden-Württemberg";"P1Y/2018-12-31";"2018-12-31";"kt/year";178.4;1;1001
1136685304;"RGN_DEU_P1Y_CH4_E_R_1001";"annually reported emissions of methane (CH4) from all sectors in kt/year";"DE2";"Freistaat Bayern";"P1Y/2018-12-31";"2018-12-31";"kt/year";407.5;1;1001
1136685304;"RGN_DEU_P1Y_CH4_E_R_1001";"annually reported emissions of methane (CH4) from all sectors in kt/year";"DE3";"Land Berlin";"P1Y/2018-12-31";"2018-12-31";"kt/year";13.9;1;1001
1136685304;"RGN_DEU_P1Y_CH4_E_R_1001";"annually reported emissions of methane (CH4) from all sectors in kt/year";"DE4";"Land Brandenburg";"P1Y/2018-12-31";"2018-12-31";"kt/year";97.5;1;1001
1136685304;"RGN_DEU_P1Y_CH4_E_R_1001";"annually reported emissions of methane (CH4) from all sectors in kt/year";"DE5";"Freie Hansestadt Bremen";"P1Y/2018-12-31";"2018-12-31";"kt/year";9.4;1;1001
1136685304;"RGN_DEU_P1Y_CH4_E_R_1001";"annually reported emissions of methane (CH4) from all sectors in kt/year";"DE6";"Freie und Hansestadt Hamburg";"P1Y/2018-12-31";"2018-12-31";"kt/year";10.3;1;1001
1136685304;"RGN_DEU_P1Y_CH4_E_R_1001";"annually reported emissions of methane (CH4) from all sectors in kt/year";"DE7";"Land Hessen";"P1Y/2018-12-31";"2018-12-31";"kt/year";92.8;1;1001
1136685304;"RGN_DEU_P1Y_CH4_E_R_1001";"annually reported emissions of methane (CH4) from all sectors in kt/year";"DE8";"Land Mecklenburg-Vorpommern";"P1Y/2018-12-31";"2018-12-31";"kt/year";72.5;1;1001
1136685304;"RGN_DEU_P1Y_CH4_E_R_1001";"annually reported emissions of methane (CH4) from all sectors in kt/year";"DE9";"Land Niedersachsen";"P1Y/2018-12-31";"2018-12-31";"kt/year";385.5;1;1001
1136685304;"RGN_DEU_P1Y_CH4_E_R_1001";"annually reported emissions of methane (CH4) from all sectors in kt/year";"DEA1A";"Kreisfreie Stadt Wuppertal";"P1Y/2018-12-31";"2018-12-31";"kt/year";1.8;3;1001
1136685304;"RGN_DEU_P1Y_CH4_E_R_1001";"annually reported emissions of methane (CH4) from all sectors in kt/year";"DEA1B";"Kreis Kleve";"P1Y/2018-12-31";"2018-12-31";"kt/year";12.5;3;1001
1136685304;"RGN_DEU_P1Y_CH4_E_R_1001";"annually reported emissions of methane (CH4) from all sectors in kt/year";"DEA1C";"Kreis Mettmann";"P1Y/2018-12-31";"2018-12-31";"kt/year";4.2;3;1001
1136685304;"RGN_DEU_P1Y_CH4_E_R_1001";"annually reported emissions of methane (CH4) from all sectors in kt/year";"DEA1D";"Rhein-Kreis Neuss";"P1Y/2018-12-31";"2018-12-31";"kt/year";6.4;3;1001
1136685304;"RGN_DEU_P1Y_CH4_E_R_1001";"annually reported emissions of methane (CH4) from all sectors in kt/year";"DEA1E";"Kreis Viersen";"P1Y/2018-12-31";"2018-12-31";"kt/year";5.3;3;1001
1136685304;"RGN_DEU_P1Y_CH4_E_R_1001";"annually reported emissions of methane (CH4) from all sectors in kt/year";"DEA1F";"Kreis Wesel";"P1Y/2018-12-31";"2018-12-31";"kt/year";20.3;3;1001
1136685304;"RGN_DEU_P1Y_CH4_E_R_1001";"annually reported emissions of methane (CH4) from all sectors in kt/year";"DEA11";"Kreisfreie Stadt Düsseldorf";"P1Y/2018-12-31";"2018-12-31";"kt/year";3.7;3;1001
1136685304;"RGN_DEU_P1Y_CH4_E_R_1001";"annually reported emissions of methane (CH4) from all sectors in kt/year";"DEA12";"Kreisfreie Stadt Duisburg";"P1Y/2018-12-31";"2018-12-31";"kt/year";11.6;3;1001
1136685304;"RGN_DEU_P1Y_CH4_E_R_1001";"annually reported emissions of methane (CH4) from all sectors in kt/year";"DEA13";"Kreisfreie Stadt Essen";"P1Y/2018-12-31";"2018-12-31";"kt/year";4.2;3;1001
1136685304;"RGN_DEU_P1Y_CH4_E_R_1001";"annually reported emissions of methane (CH4) from all sectors in kt/year";"DEA14";"Kreisfreie Stadt Krefeld";"P1Y/2018-12-31";"2018-12-31";"kt/year";1.8;3;1001
1136685304;"RGN_DEU_P1Y_CH4_E_R_1001";"annually reported emissions of methane (CH4) from all sectors in kt/year";"DEA15";"Kreisfreie Stadt Mönchengladbach";"P1Y/2018-12-31";"2018-12-31";"kt/year";1.8;3;1001
1136685304;"RGN_DEU_P1Y_CH4_E_R_1001";"annually reported emissions of methane (CH4) from all sectors in kt/year";"DEA16";"Kreisfreie Stadt Mülheim an der Ruhr";"P1Y/2018-12-31";"2018-12-31";"kt/year";1.1;3;1001
1136685304;"RGN_DEU_P1Y_CH4_E_R_1001";"annually reported emissions of methane (CH4) from all sectors in kt/year";"DEA17";"Kreisfreie Stadt Oberhausen";"P1Y/2018-12-31";"2018-12-31";"kt/year";1.5;3;1001
1136685304;"RGN_DEU_P1Y_CH4_E_R_1001";"annually reported emissions of methane (CH4) from all sectors in kt/year";"DEA18";"Kreisfreie Stadt Remscheid";"P1Y/2018-12-31";"2018-12-31";"kt/year";0.6;3;1001
1136685304;"RGN_DEU_P1Y_CH4_E_R_1001";"annually reported emissions of methane (CH4) from all sectors in kt/year";"DEA19";"Kreisfreie Stadt Solingen";"P1Y/2018-12-31";"2018-12-31";"kt/year";0.8;3;1001
1136685304;"RGN_DEU_P1Y_CH4_E_R_1001";"annually reported emissions of methane (CH4) from all sectors in kt/year";"DEA2A";"Oberbergischer Kreis";"P1Y/2018-12-31";"2018-12-31";"kt/year";5.4;3;1001
1136685304;"RGN_DEU_P1Y_CH4_E_R_1001";"annually reported emissions of methane (CH4) from all sectors in kt/year";"DEA2B";"Rheinisch-Bergischer Kreis";"P1Y/2018-12-31";"2018-12-31";"kt/year";2.6;3;1001
1136685304;"RGN_DEU_P1Y_CH4_E_R_1001";"annually reported emissions of methane (CH4) from all sectors in kt/year";"DEA2C";"Rhein-Sieg-Kreis";"P1Y/2018-12-31";"2018-12-31";"kt/year";7.1;3;1001
1136685304;"RGN_DEU_P1Y_CH4_E_R_1001";"annually reported emissions of methane (CH4) from all sectors in kt/year";"DEA2D";"Städteregion Aachen";"P1Y/2018-12-31";"2018-12-31";"kt/year";5.3;3;1001
1136685304;"RGN_DEU_P1Y_CH4_E_R_1001";"annually reported emissions of methane (CH4) from all sectors in kt/year";"DEA22";"Kreisfreie Stadt Bonn";"P1Y/2018-12-31";"2018-12-31";"kt/year";1.5;3;1001
1136685304;"RGN_DEU_P1Y_CH4_E_R_1001";"annually reported emissions of methane (CH4) from all sectors in kt/year";"DEA23";"Kreisfreie Stadt Köln";"P1Y/2018-12-31";"2018-12-31";"kt/year";9.1;3;1001
1136685304;"RGN_DEU_P1Y_CH4_E_R_1001";"annually reported emissions of methane (CH4) from all sectors in kt/year";"DEA24";"Kreisfreie Stadt Leverkusen";"P1Y/2018-12-31";"2018-12-31";"kt/year";1.2;3;1001
1136685304;"RGN_DEU_P1Y_CH4_E_R_1001";"annually reported emissions of methane (CH4) from all sectors in kt/year";"DEA26";"Kreis Düren";"P1Y/2018-12-31";"2018-12-31";"kt/year";5.3;3;1001
1136685304;"RGN_DEU_P1Y_CH4_E_R_1001";"annually reported emissions of methane (CH4) from all sectors in kt/year";"DEA27";"Rhein-Erft-Kreis";"P1Y/2018-12-31";"2018-12-31";"kt/year";9.3;3;1001
1136685304;"RGN_DEU_P1Y_CH4_E_R_1001";"annually reported emissions of methane (CH4) from all sectors in kt/year";"DEA28";"Kreis Euskirchen";"P1Y/2018-12-31";"2018-12-31";"kt/year";5.1;3;1001
1136685304;"RGN_DEU_P1Y_CH4_E_R_1001";"annually reported emissions of methane (CH4) from all sectors in kt/year";"DEA29";"Kreis Heinsberg";"P1Y/2018-12-31";"2018-12-31";"kt/year";4.4;3;1001
1136685304;"RGN_DEU_P1Y_CH4_E_R_1001";"annually reported emissions of methane (CH4) from all sectors in kt/year";"DEA31";"Kreisfreie Stadt Bottrop";"P1Y/2018-12-31";"2018-12-31";"kt/year";32.1;3;1001
1136685304;"RGN_DEU_P1Y_CH4_E_R_1001";"annually reported emissions of methane (CH4) from all sectors in kt/year";"DEA32";"Kreisfreie Stadt Gelsenkirchen";"P1Y/2018-12-31";"2018-12-31";"kt/year";2.1;3;1001
1136685304;"RGN_DEU_P1Y_CH4_E_R_1001";"annually reported emissions of methane (CH4) from all sectors in kt/year";"DEA33";"Kreisfreie Stadt Münster";"P1Y/2018-12-31";"2018-12-31";"kt/year";3.7;3;1001
1136685304;"RGN_DEU_P1Y_CH4_E_R_1001";"annually reported emissions of methane (CH4) from all sectors in kt/year";"DEA34";"Kreis Borken";"P1Y/2018-12-31";"2018-12-31";"kt/year";22.7;3;1001
1136685304;"RGN_DEU_P1Y_CH4_E_R_1001";"annually reported emissions of methane (CH4) from all sectors in kt/year";"DEA35";"Kreis Coesfeld";"P1Y/2018-12-31";"2018-12-31";"kt/year";12;3;1001
1136685304;"RGN_DEU_P1Y_CH4_E_R_1001";"annually reported emissions of methane (CH4) from all sectors in kt/year";"DEA36";"Kreis Recklinghausen";"P1Y/2018-12-31";"2018-12-31";"kt/year";14.6;3;1001
1136685304;"RGN_DEU_P1Y_CH4_E_R_1001";"annually reported emissions of methane (CH4) from all sectors in kt/year";"DEA37";"Kreis Steinfurt";"P1Y/2018-12-31";"2018-12-31";"kt/year";35.2;3;1001
1136685304;"RGN_DEU_P1Y_CH4_E_R_1001";"annually reported emissions of methane (CH4) from all sectors in kt/year";"DEA38";"Kreis Warendorf";"P1Y/2018-12-31";"2018-12-31";"kt/year";13.1;3;1001
1136685304;"RGN_DEU_P1Y_CH4_E_R_1001";"annually reported emissions of methane (CH4) from all sectors in kt/year";"DEA41";"Kreisfreie Stadt Bielefeld";"P1Y/2018-12-31";"2018-12-31";"kt/year";2.5;3;1001
1136685304;"RGN_DEU_P1Y_CH4_E_R_1001";"annually reported emissions of methane (CH4) from all sectors in kt/year";"DEA42";"Kreis Gütersloh";"P1Y/2018-12-31";"2018-12-31";"kt/year";7.9;3;1001
1136685304;"RGN_DEU_P1Y_CH4_E_R_1001";"annually reported emissions of methane (CH4) from all sectors in kt/year";"DEA43";"Kreis Herford";"P1Y/2018-12-31";"2018-12-31";"kt/year";3.2;3;1001
1136685304;"RGN_DEU_P1Y_CH4_E_R_1001";"annually reported emissions of methane (CH4) from all sectors in kt/year";"DEA44";"Kreis Höxter";"P1Y/2018-12-31";"2018-12-31";"kt/year";5.9;3;1001
1136685304;"RGN_DEU_P1Y_CH4_E_R_1001";"annually reported emissions of methane (CH4) from all sectors in kt/year";"DEA45";"Kreis Lippe";"P1Y/2018-12-31";"2018-12-31";"kt/year";7;3;1001
1136685304;"RGN_DEU_P1Y_CH4_E_R_1001";"annually reported emissions of methane (CH4) from all sectors in kt/year";"DEA46";"Kreis Minden-Lübbecke";"P1Y/2018-12-31";"2018-12-31";"kt/year";8;3;1001
1136685304;"RGN_DEU_P1Y_CH4_E_R_1001";"annually reported emissions of methane (CH4) from all sectors in kt/year";"DEA47";"Kreis Paderborn";"P1Y/2018-12-31";"2018-12-31";"kt/year";7.7;3;1001
1136685304;"RGN_DEU_P1Y_CH4_E_R_1001";"annually reported emissions of methane (CH4) from all sectors in kt/year";"DEA5A";"Kreis Siegen-Wittgenstein";"P1Y/2018-12-31";"2018-12-31";"kt/year";5;3;1001
1136685304;"RGN_DEU_P1Y_CH4_E_R_1001";"annually reported emissions of methane (CH4) from all sectors in kt/year";"DEA5B";"Kreis Soest";"P1Y/2018-12-31";"2018-12-31";"kt/year";7.7;3;1001
1136685304;"RGN_DEU_P1Y_CH4_E_R_1001";"annually reported emissions of methane (CH4) from all sectors in kt/year";"DEA5C";"Kreis Unna";"P1Y/2018-12-31";"2018-12-31";"kt/year";5.7;3;1001
1136685304;"RGN_DEU_P1Y_CH4_E_R_1001";"annually reported emissions of methane (CH4) from all sectors in kt/year";"DEA51";"Kreisfreie Stadt Bochum";"P1Y/2018-12-31";"2018-12-31";"kt/year";3.3;3;1001
1136685304;"RGN_DEU_P1Y_CH4_E_R_1001";"annually reported emissions of methane (CH4) from all sectors in kt/year";"DEA52";"Kreisfreie Stadt Dortmund";"P1Y/2018-12-31";"2018-12-31";"kt/year";3.7;3;1001
1136685304;"RGN_DEU_P1Y_CH4_E_R_1001";"annually reported emissions of methane (CH4) from all sectors in kt/year";"DEA53";"Kreisfreie Stadt Hagen";"P1Y/2018-12-31";"2018-12-31";"kt/year";1.5;3;1001
1136685304;"RGN_DEU_P1Y_CH4_E_R_1001";"annually reported emissions of methane (CH4) from all sectors in kt/year";"DEA54";"Kreisfreie Stadt Hamm";"P1Y/2018-12-31";"2018-12-31";"kt/year";3.5;3;1001
1136685304;"RGN_DEU_P1Y_CH4_E_R_1001";"annually reported emissions of methane (CH4) from all sectors in kt/year";"DEA55";"Kreisfreie Stadt Herne";"P1Y/2018-12-31";"2018-12-31";"kt/year";1;3;1001
1136685304;"RGN_DEU_P1Y_CH4_E_R_1001";"annually reported emissions of methane (CH4) from all sectors in kt/year";"DEA56";"Ennepe-Ruhr-Kreis";"P1Y/2018-12-31";"2018-12-31";"kt/year";3;3;1001
1136685304;"RGN_DEU_P1Y_CH4_E_R_1001";"annually reported emissions of methane (CH4) from all sectors in kt/year";"DEA57";"Hochsauerlandkreis";"P1Y/2018-12-31";"2018-12-31";"kt/year";8.7;3;1001
1136685304;"RGN_DEU_P1Y_CH4_E_R_1001";"annually reported emissions of methane (CH4) from all sectors in kt/year";"DEA58";"Märkischer Kreis";"P1Y/2018-12-31";"2018-12-31";"kt/year";6.2;3;1001
1136685304;"RGN_DEU_P1Y_CH4_E_R_1001";"annually reported emissions of methane (CH4) from all sectors in kt/year";"DEA59";"Kreis Olpe";"P1Y/2018-12-31";"2018-12-31";"kt/year";3.8;3;1001
1136685304;"RGN_DEU_P1Y_CH4_E_R_1001";"annually reported emissions of methane (CH4) from all sectors in kt/year";"DEB1A";"Rhein-Lahn-Kreis";"P1Y/2018-12-31";"2018-12-31";"kt/year";2.1;3;1001
1136685304;"RGN_DEU_P1Y_CH4_E_R_1001";"annually reported emissions of methane (CH4) from all sectors in kt/year";"DEB1B";"Westerwaldkreis";"P1Y/2018-12-31";"2018-12-31";"kt/year";4.2;3;1001
1136685304;"RGN_DEU_P1Y_CH4_E_R_1001";"annually reported emissions of methane (CH4) from all sectors in kt/year";"DEB1C";"Landkreis Cochem-Zell";"P1Y/2018-12-31";"2018-12-31";"kt/year";1.7;3;1001
1136685304;"RGN_DEU_P1Y_CH4_E_R_1001";"annually reported emissions of methane (CH4) from all sectors in kt/year";"DEB1D";"Rhein-Hunsrück-Kreis";"P1Y/2018-12-31";"2018-12-31";"kt/year";2.8;3;1001
1136685304;"RGN_DEU_P1Y_CH4_E_R_1001";"annually reported emissions of methane (CH4) from all sectors in kt/year";"DEB11";"Kreisfreie Stadt Koblenz";"P1Y/2018-12-31";"2018-12-31";"kt/year";1;3;1001
1136685304;"RGN_DEU_P1Y_CH4_E_R_1001";"annually reported emissions of methane (CH4) from all sectors in kt/year";"DEB12";"Landkreis Ahrweiler";"P1Y/2018-12-31";"2018-12-31";"kt/year";2.1;3;1001
1136685304;"RGN_DEU_P1Y_CH4_E_R_1001";"annually reported emissions of methane (CH4) from all sectors in kt/year";"DEB13";"Landkreis Altenkirchen (Westerwald)";"P1Y/2018-12-31";"2018-12-31";"kt/year";2.3;3;1001
1136685304;"RGN_DEU_P1Y_CH4_E_R_1001";"annually reported emissions of methane (CH4) from all sectors in kt/year";"DEB14";"Landkreis Bad Kreuznach";"P1Y/2018-12-31";"2018-12-31";"kt/year";2.3;3;1001
1136685304;"RGN_DEU_P1Y_CH4_E_R_1001";"annually reported emissions of methane (CH4) from all sectors in kt/year";"DEB15";"Landkreis Birkenfeld";"P1Y/2018-12-31";"2018-12-31";"kt/year";2.3;3;1001
1136685304;"RGN_DEU_P1Y_CH4_E_R_1001";"annually reported emissions of methane (CH4) from all sectors in kt/year";"DEB17";"Landkreis Mayen-Koblenz";"P1Y/2018-12-31";"2018-12-31";"kt/year";3.5;3;1001
1136685304;"RGN_DEU_P1Y_CH4_E_R_1001";"annually reported emissions of methane (CH4) from all sectors in kt/year";"DEB18";"Landkreis Neuwied";"P1Y/2018-12-31";"2018-12-31";"kt/year";2.6;3;1001
1136685304;"RGN_DEU_P1Y_CH4_E_R_1001";"annually reported emissions of methane (CH4) from all sectors in kt/year";"DEB21";"Kreisfreie Stadt Trier";"P1Y/2018-12-31";"2018-12-31";"kt/year";0.8;3;1001
1136685304;"RGN_DEU_P1Y_CH4_E_R_1001";"annually reported emissions of methane (CH4) from all sectors in kt/year";"DEB22";"Landkreis Bernkastel-Wittlich";"P1Y/2018-12-31";"2018-12-31";"kt/year";4.5;3;1001
1136685304;"RGN_DEU_P1Y_CH4_E_R_1001";"annually reported emissions of methane (CH4) from all sectors in kt/year";"DEB23";"Eifelkreis Bitburg-Prüm";"P1Y/2018-12-31";"2018-12-31";"kt/year";7.1;3;1001
1136685304;"RGN_DEU_P1Y_CH4_E_R_1001";"annually reported emissions of methane (CH4) from all sectors in kt/year";"DEB24";"Landkreis Vulkaneifel";"P1Y/2018-12-31";"2018-12-31";"kt/year";3.8;3;1001
1136685304;"RGN_DEU_P1Y_CH4_E_R_1001";"annually reported emissions of methane (CH4) from all sectors in kt/year";"DEB25";"Landkreis Trier-Saarburg";"P1Y/2018-12-31";"2018-12-31";"kt/year";4.3;3;1001
1136685304;"RGN_DEU_P1Y_CH4_E_R_1001";"annually reported emissions of methane (CH4) from all sectors in kt/year";"DEB3A";"Kreisfreie Stadt Zweibrücken";"P1Y/2018-12-31";"2018-12-31";"kt/year";0.4;3;1001
1136685304;"RGN_DEU_P1Y_CH4_E_R_1001";"annually reported emissions of methane (CH4) from all sectors in kt/year";"DEB3B";"Landkreis Alzey-Worms";"P1Y/2018-12-31";"2018-12-31";"kt/year";1.3;3;1001
1136685304;"RGN_DEU_P1Y_CH4_E_R_1001";"annually reported emissions of methane (CH4) from all sectors in kt/year";"DEB3C";"Landkreis Bad Dürkheim";"P1Y/2018-12-31";"2018-12-31";"kt/year";1.1;3;1001
1136685304;"RGN_DEU_P1Y_CH4_E_R_1001";"annually reported emissions of methane (CH4) from all sectors in kt/year";"DEB3D";"Donnersbergkreis";"P1Y/2018-12-31";"2018-12-31";"kt/year";1.3;3;1001
1136685304;"RGN_DEU_P1Y_CH4_E_R_1001";"annually reported emissions of methane (CH4) from all sectors in kt/year";"DEB3E";"Landkreis Germersheim";"P1Y/2018-12-31";"2018-12-31";"kt/year";2.2;3;1001
1136685304;"RGN_DEU_P1Y_CH4_E_R_1001";"annually reported emissions of methane (CH4) from all sectors in kt/year";"DEB3F";"Landkreis Kaiserslautern";"P1Y/2018-12-31";"2018-12-31";"kt/year";3.8;3;1001
1136685304;"RGN_DEU_P1Y_CH4_E_R_1001";"annually reported emissions of methane (CH4) from all sectors in kt/year";"DEB3G";"Landkreis Kusel";"P1Y/2018-12-31";"2018-12-31";"kt/year";1.3;3;1001
1136685304;"RGN_DEU_P1Y_CH4_E_R_1001";"annually reported emissions of methane (CH4) from all sectors in kt/year";"DEB3H";"Landkreis Südliche Weinstraße";"P1Y/2018-12-31";"2018-12-31";"kt/year";1.4;3;1001
1136685304;"RGN_DEU_P1Y_CH4_E_R_1001";"annually reported emissions of methane (CH4) from all sectors in kt/year";"DEB3I";"Rhein-Pfalz-Kreis";"P1Y/2018-12-31";"2018-12-31";"kt/year";1.7;3;1001
1136685304;"RGN_DEU_P1Y_CH4_E_R_1001";"annually reported emissions of methane (CH4) from all sectors in kt/year";"DEB3J";"Landkreis Mainz-Bingen";"P1Y/2018-12-31";"2018-12-31";"kt/year";1.8;3;1001
1136685304;"RGN_DEU_P1Y_CH4_E_R_1001";"annually reported emissions of methane (CH4) from all sectors in kt/year";"DEB3K";"Landkreis Südwestpfalz";"P1Y/2018-12-31";"2018-12-31";"kt/year";1.8;3;1001
1136685304;"RGN_DEU_P1Y_CH4_E_R_1001";"annually reported emissions of methane (CH4) from all sectors in kt/year";"DEB31";"Kreisfreie Stadt Frankenthal (Pfalz)";"P1Y/2018-12-31";"2018-12-31";"kt/year";0.4;3;1001
1136685304;"RGN_DEU_P1Y_CH4_E_R_1001";"annually reported emissions of methane (CH4) from all sectors in kt/year";"DEB32";"Kreisfreie Stadt Kaiserslautern";"P1Y/2018-12-31";"2018-12-31";"kt/year";1;3;1001
1136685304;"RGN_DEU_P1Y_CH4_E_R_1001";"annually reported emissions of methane (CH4) from all sectors in kt/year";"DEB33";"Kreisfreie Stadt Landau in der Pfalz";"P1Y/2018-12-31";"2018-12-31";"kt/year";0.3;3;1001
1136685304;"RGN_DEU_P1Y_CH4_E_R_1001";"annually reported emissions of methane (CH4) from all sectors in kt/year";"DEB34";"Kreisfreie Stadt Ludwigshafen am Rhein";"P1Y/2018-12-31";"2018-12-31";"kt/year";5.5;3;1001
1136685304;"RGN_DEU_P1Y_CH4_E_R_1001";"annually reported emissions of methane (CH4) from all sectors in kt/year";"DEB35";"Kreisfreie Stadt Mainz";"P1Y/2018-12-31";"2018-12-31";"kt/year";1.4;3;1001
1136685304;"RGN_DEU_P1Y_CH4_E_R_1001";"annually reported emissions of methane (CH4) from all sectors in kt/year";"DEB36";"Kreisfreie Stadt Neustadt an der Weinstraße";"P1Y/2018-12-31";"2018-12-31";"kt/year";0.4;3;1001
1136685304;"RGN_DEU_P1Y_CH4_E_R_1001";"annually reported emissions of methane (CH4) from all sectors in kt/year";"DEB37";"Kreisfreie Stadt Pirmasens";"P1Y/2018-12-31";"2018-12-31";"kt/year";0.2;3;1001
1136685304;"RGN_DEU_P1Y_CH4_E_R_1001";"annually reported emissions of methane (CH4) from all sectors in kt/year";"DEB38";"Kreisfreie Stadt Speyer";"P1Y/2018-12-31";"2018-12-31";"kt/year";0.4;3;1001
1136685304;"RGN_DEU_P1Y_CH4_E_R_1001";"annually reported emissions of methane (CH4) from all sectors in kt/year";"DEB39";"Kreisfreie Stadt Worms";"P1Y/2018-12-31";"2018-12-31";"kt/year";0.7;3;1001
1136685304;"RGN_DEU_P1Y_CH4_E_R_1001";"annually reported emissions of methane (CH4) from all sectors in kt/year";"DEC01";"Regionalverband Saarbrücken";"P1Y/2018-12-31";"2018-12-31";"kt/year";2.7;3;1001
1136685304;"RGN_DEU_P1Y_CH4_E_R_1001";"annually reported emissions of methane (CH4) from all sectors in kt/year";"DEC02";"Landkreis Merzig-Wadern";"P1Y/2018-12-31";"2018-12-31";"kt/year";2;3;1001
1136685304;"RGN_DEU_P1Y_CH4_E_R_1001";"annually reported emissions of methane (CH4) from all sectors in kt/year";"DEC03";"Landkreis Neunkirchen";"P1Y/2018-12-31";"2018-12-31";"kt/year";1.6;3;1001
1136685304;"RGN_DEU_P1Y_CH4_E_R_1001";"annually reported emissions of methane (CH4) from all sectors in kt/year";"DEC04";"Landkreis Saarlouis";"P1Y/2018-12-31";"2018-12-31";"kt/year";4.8;3;1001
1136685304;"RGN_DEU_P1Y_CH4_E_R_1001";"annually reported emissions of methane (CH4) from all sectors in kt/year";"DEC05";"Saarpfalz-Kreis";"P1Y/2018-12-31";"2018-12-31";"kt/year";2.1;3;1001
1136685304;"RGN_DEU_P1Y_CH4_E_R_1001";"annually reported emissions of methane (CH4) from all sectors in kt/year";"DEC06";"Landkreis St. Wendel";"P1Y/2018-12-31";"2018-12-31";"kt/year";1.6;3;1001
1136685304;"RGN_DEU_P1Y_CH4_E_R_1001";"annually reported emissions of methane (CH4) from all sectors in kt/year";"DED2C";"Landkreis Bautzen";"P1Y/2018-12-31";"2018-12-31";"kt/year";8.5;3;1001
1136685304;"RGN_DEU_P1Y_CH4_E_R_1001";"annually reported emissions of methane (CH4) from all sectors in kt/year";"DED2D";"Landkreis Görlitz";"P1Y/2018-12-31";"2018-12-31";"kt/year";6.8;3;1001
1136685304;"RGN_DEU_P1Y_CH4_E_R_1001";"annually reported emissions of methane (CH4) from all sectors in kt/year";"DED2E";"Landkreis Meißen";"P1Y/2018-12-31";"2018-12-31";"kt/year";6;3;1001
1136685304;"RGN_DEU_P1Y_CH4_E_R_1001";"annually reported emissions of methane (CH4) from all sectors in kt/year";"DED2F";"Landkreis Sächsische Schweiz-Osterzgebirge";"P1Y/2018-12-31";"2018-12-31";"kt/year";5.2;3;1001
1136685304;"RGN_DEU_P1Y_CH4_E_R_1001";"annually reported emissions of methane (CH4) from all sectors in kt/year";"DED21";"Kreisfreie Stadt Dresden";"P1Y/2018-12-31";"2018-12-31";"kt/year";3.9;3;1001
1136685304;"RGN_DEU_P1Y_CH4_E_R_1001";"annually reported emissions of methane (CH4) from all sectors in kt/year";"DED41";"Kreisfreie Stadt Chemnitz";"P1Y/2018-12-31";"2018-12-31";"kt/year";2.2;3;1001
1136685304;"RGN_DEU_P1Y_CH4_E_R_1001";"annually reported emissions of methane (CH4) from all sectors in kt/year";"DED42";"Erzgebirgskreis";"P1Y/2018-12-31";"2018-12-31";"kt/year";7.6;3;1001
1136685304;"RGN_DEU_P1Y_CH4_E_R_1001";"annually reported emissions of methane (CH4) from all sectors in kt/year";"DED43";"Landkreis Mittelsachsen";"P1Y/2018-12-31";"2018-12-31";"kt/year";10.4;3;1001
1136685304;"RGN_DEU_P1Y_CH4_E_R_1001";"annually reported emissions of methane (CH4) from all sectors in kt/year";"DED44";"Vogtlandkreis";"P1Y/2018-12-31";"2018-12-31";"kt/year";6.6;3;1001
1136685304;"RGN_DEU_P1Y_CH4_E_R_1001";"annually reported emissions of methane (CH4) from all sectors in kt/year";"DED45";"Landkreis Zwickau";"P1Y/2018-12-31";"2018-12-31";"kt/year";5.7;3;1001
1136685304;"RGN_DEU_P1Y_CH4_E_R_1001";"annually reported emissions of methane (CH4) from all sectors in kt/year";"DED51";"Kreisfreie Stadt Leipzig";"P1Y/2018-12-31";"2018-12-31";"kt/year";3.9;3;1001
1136685304;"RGN_DEU_P1Y_CH4_E_R_1001";"annually reported emissions of methane (CH4) from all sectors in kt/year";"DED52";"Landkreis Leipzig";"P1Y/2018-12-31";"2018-12-31";"kt/year";8.3;3;1001
1136685304;"RGN_DEU_P1Y_CH4_E_R_1001";"annually reported emissions of methane (CH4) from all sectors in kt/year";"DED53";"Landkreis Nordsachsen";"P1Y/2018-12-31";"2018-12-31";"kt/year";9.1;3;1001
1136685304;"RGN_DEU_P1Y_CH4_E_R_1001";"annually reported emissions of methane (CH4) from all sectors in kt/year";"DEE0A";"Landkreis Mansfeld-Südharz";"P1Y/2018-12-31";"2018-12-31";"kt/year";4.5;3;1001
1136685304;"RGN_DEU_P1Y_CH4_E_R_1001";"annually reported emissions of methane (CH4) from all sectors in kt/year";"DEE0B";"Saalekreis";"P1Y/2018-12-31";"2018-12-31";"kt/year";8.1;3;1001
1136685304;"RGN_DEU_P1Y_CH4_E_R_1001";"annually reported emissions of methane (CH4) from all sectors in kt/year";"DEE0C";"Salzlandkreis";"P1Y/2018-12-31";"2018-12-31";"kt/year";7.1;3;1001
1136685304;"RGN_DEU_P1Y_CH4_E_R_1001";"annually reported emissions of methane (CH4) from all sectors in kt/year";"DEE0D";"Landkreis Stendal";"P1Y/2018-12-31";"2018-12-31";"kt/year";8;3;1001
1136685304;"RGN_DEU_P1Y_CH4_E_R_1001";"annually reported emissions of methane (CH4) from all sectors in kt/year";"DEE0E";"Landkreis Wittenberg";"P1Y/2018-12-31";"2018-12-31";"kt/year";7.6;3;1001
1136685304;"RGN_DEU_P1Y_CH4_E_R_1001";"annually reported emissions of methane (CH4) from all sectors in kt/year";"DEE01";"Kreisfreie Stadt Dessau-Roßlau";"P1Y/2018-12-31";"2018-12-31";"kt/year";1.2;3;1001
1136685304;"RGN_DEU_P1Y_CH4_E_R_1001";"annually reported emissions of methane (CH4) from all sectors in kt/year";"DEE02";"Kreisfreie Stadt Halle (Saale)";"P1Y/2018-12-31";"2018-12-31";"kt/year";1.5;3;1001
1136685304;"RGN_DEU_P1Y_CH4_E_R_1001";"annually reported emissions of methane (CH4) from all sectors in kt/year";"DEE03";"Kreisfreie Stadt Magdeburg";"P1Y/2018-12-31";"2018-12-31";"kt/year";2;3;1001
1136685304;"RGN_DEU_P1Y_CH4_E_R_1001";"annually reported emissions of methane (CH4) from all sectors in kt/year";"DEE04";"Altmarkkreis Salzwedel";"P1Y/2018-12-31";"2018-12-31";"kt/year";8.6;3;1001
1136685304;"RGN_DEU_P1Y_CH4_E_R_1001";"annually reported emissions of methane (CH4) from all sectors in kt/year";"DEE05";"Landkreis Anhalt-Bitterfeld";"P1Y/2018-12-31";"2018-12-31";"kt/year";5.9;3;1001
1136685304;"RGN_DEU_P1Y_CH4_E_R_1001";"annually reported emissions of methane (CH4) from all sectors in kt/year";"DEE06";"Landkreis Jerichower Land";"P1Y/2018-12-31";"2018-12-31";"kt/year";5.1;3;1001
1136685304;"RGN_DEU_P1Y_CH4_E_R_1001";"annually reported emissions of methane (CH4) from all sectors in kt/year";"DEE07";"Landkreis Börde";"P1Y/2018-12-31";"2018-12-31";"kt/year";8.9;3;1001
1136685304;"RGN_DEU_P1Y_CH4_E_R_1001";"annually reported emissions of methane (CH4) from all sectors in kt/year";"DEE08";"Burgenlandkreis";"P1Y/2018-12-31";"2018-12-31";"kt/year";5.3;3;1001
1136685304;"RGN_DEU_P1Y_CH4_E_R_1001";"annually reported emissions of methane (CH4) from all sectors in kt/year";"DEE09";"Landkreis Harz";"P1Y/2018-12-31";"2018-12-31";"kt/year";6.1;3;1001
1136685304;"RGN_DEU_P1Y_CH4_E_R_1001";"annually reported emissions of methane (CH4) from all sectors in kt/year";"DEF0A";"Kreis Plön";"P1Y/2018-12-31";"2018-12-31";"kt/year";5.7;3;1001
1136685304;"RGN_DEU_P1Y_CH4_E_R_1001";"annually reported emissions of methane (CH4) from all sectors in kt/year";"DEF0B";"Kreis Rendsburg-Eckernförde";"P1Y/2018-12-31";"2018-12-31";"kt/year";20.7;3;1001
1136685304;"RGN_DEU_P1Y_CH4_E_R_1001";"annually reported emissions of methane (CH4) from all sectors in kt/year";"DEF0C";"Kreis Schleswig-Flensburg";"P1Y/2018-12-31";"2018-12-31";"kt/year";21.6;3;1001
1136685304;"RGN_DEU_P1Y_CH4_E_R_1001";"annually reported emissions of methane (CH4) from all sectors in kt/year";"DEF0D";"Kreis Segeberg";"P1Y/2018-12-31";"2018-12-31";"kt/year";10.5;3;1001
1136685304;"RGN_DEU_P1Y_CH4_E_R_1001";"annually reported emissions of methane (CH4) from all sectors in kt/year";"DEF0E";"Kreis Steinburg";"P1Y/2018-12-31";"2018-12-31";"kt/year";13.7;3;1001
1136685304;"RGN_DEU_P1Y_CH4_E_R_1001";"annually reported emissions of methane (CH4) from all sectors in kt/year";"DEF0F";"Kreis Stormarn";"P1Y/2018-12-31";"2018-12-31";"kt/year";5.2;3;1001
1136685304;"RGN_DEU_P1Y_CH4_E_R_1001";"annually reported emissions of methane (CH4) from all sectors in kt/year";"DEF01";"Kreisfreie Stadt Flensburg";"P1Y/2018-12-31";"2018-12-31";"kt/year";0.5;3;1001
1136685304;"RGN_DEU_P1Y_CH4_E_R_1001";"annually reported emissions of methane (CH4) from all sectors in kt/year";"DEF02";"Kreisfreie Stadt Kiel";"P1Y/2018-12-31";"2018-12-31";"kt/year";1.1;3;1001
1136685304;"RGN_DEU_P1Y_CH4_E_R_1001";"annually reported emissions of methane (CH4) from all sectors in kt/year";"DEF03";"Kreisfreie Stadt Lübeck";"P1Y/2018-12-31";"2018-12-31";"kt/year";1.4;3;1001
1136685304;"RGN_DEU_P1Y_CH4_E_R_1001";"annually reported emissions of methane (CH4) from all sectors in kt/year";"DEF04";"Kreisfreie Stadt Neumünster";"P1Y/2018-12-31";"2018-12-31";"kt/year";0.7;3;1001
1136685304;"RGN_DEU_P1Y_CH4_E_R_1001";"annually reported emissions of methane (CH4) from all sectors in kt/year";"DEF05";"Kreis Dithmarschen";"P1Y/2018-12-31";"2018-12-31";"kt/year";14.5;3;1001
1136685304;"RGN_DEU_P1Y_CH4_E_R_1001";"annually reported emissions of methane (CH4) from all sectors in kt/year";"DEF06";"Kreis Herzogtum Lauenburg";"P1Y/2018-12-31";"2018-12-31";"kt/year";7;3;1001
1136685304;"RGN_DEU_P1Y_CH4_E_R_1001";"annually reported emissions of methane (CH4) from all sectors in kt/year";"DEF07";"Kreis Nordfriesland";"P1Y/2018-12-31";"2018-12-31";"kt/year";20.8;3;1001
1136685304;"RGN_DEU_P1Y_CH4_E_R_1001";"annually reported emissions of methane (CH4) from all sectors in kt/year";"DEF08";"Kreis Ostholstein";"P1Y/2018-12-31";"2018-12-31";"kt/year";6.7;3;1001
1136685304;"RGN_DEU_P1Y_CH4_E_R_1001";"annually reported emissions of methane (CH4) from all sectors in kt/year";"DEF09";"Kreis Pinneberg";"P1Y/2018-12-31";"2018-12-31";"kt/year";5.6;3;1001
1136685304;"RGN_DEU_P1Y_CH4_E_R_1001";"annually reported emissions of methane (CH4) from all sectors in kt/year";"DEG0A";"Kyffhäuserkreis";"P1Y/2018-12-31";"2018-12-31";"kt/year";4.7;3;1001
1136685304;"RGN_DEU_P1Y_CH4_E_R_1001";"annually reported emissions of methane (CH4) from all sectors in kt/year";"DEG0B";"Landkreis Schmalkalden-Meiningen";"P1Y/2018-12-31";"2018-12-31";"kt/year";4.2;3;1001
1136685304;"RGN_DEU_P1Y_CH4_E_R_1001";"annually reported emissions of methane (CH4) from all sectors in kt/year";"DEG0C";"Landkreis Gotha";"P1Y/2018-12-31";"2018-12-31";"kt/year";3.6;3;1001
1136685304;"RGN_DEU_P1Y_CH4_E_R_1001";"annually reported emissions of methane (CH4) from all sectors in kt/year";"DEG0D";"Landkreis Sömmerda";"P1Y/2018-12-31";"2018-12-31";"kt/year";2.9;3;1001
1136685304;"RGN_DEU_P1Y_CH4_E_R_1001";"annually reported emissions of methane (CH4) from all sectors in kt/year";"DEG0E";"Landkreis Hildburghausen";"P1Y/2018-12-31";"2018-12-31";"kt/year";3;3;1001
1136685304;"RGN_DEU_P1Y_CH4_E_R_1001";"annually reported emissions of methane (CH4) from all sectors in kt/year";"DEG0F";"Ilm-Kreis";"P1Y/2018-12-31";"2018-12-31";"kt/year";3.3;3;1001
1136685304;"RGN_DEU_P1Y_CH4_E_R_1001";"annually reported emissions of methane (CH4) from all sectors in kt/year";"DEG0G";"Landkreis Weimarer Land";"P1Y/2018-12-31";"2018-12-31";"kt/year";2.6;3;1001
1136685304;"RGN_DEU_P1Y_CH4_E_R_1001";"annually reported emissions of methane (CH4) from all sectors in kt/year";"DEG0H";"Landkreis Sonneberg";"P1Y/2018-12-31";"2018-12-31";"kt/year";1.6;3;1001
1136685304;"RGN_DEU_P1Y_CH4_E_R_1001";"annually reported emissions of methane (CH4) from all sectors in kt/year";"DEG0I";"Landkreis Saalfeld-Rudolstadt";"P1Y/2018-12-31";"2018-12-31";"kt/year";3.3;3;1001
1136685304;"RGN_DEU_P1Y_CH4_E_R_1001";"annually reported emissions of methane (CH4) from all sectors in kt/year";"DEG0J";"Saale-Holzland-Kreis";"P1Y/2018-12-31";"2018-12-31";"kt/year";3.2;3;1001
1136685304;"RGN_DEU_P1Y_CH4_E_R_1001";"annually reported emissions of methane (CH4) from all sectors in kt/year";"DEG0K";"Saale-Orla-Kreis";"P1Y/2018-12-31";"2018-12-31";"kt/year";3.9;3;1001
1136685304;"RGN_DEU_P1Y_CH4_E_R_1001";"annually reported emissions of methane (CH4) from all sectors in kt/year";"DEG0L";"Landkreis Greiz";"P1Y/2018-12-31";"2018-12-31";"kt/year";3.5;3;1001
1136685304;"RGN_DEU_P1Y_CH4_E_R_1001";"annually reported emissions of methane (CH4) from all sectors in kt/year";"DEG0M";"Landkreis Altenburger Land";"P1Y/2018-12-31";"2018-12-31";"kt/year";2.4;3;1001
1136685304;"RGN_DEU_P1Y_CH4_E_R_1001";"annually reported emissions of methane (CH4) from all sectors in kt/year";"DEG0N";"Kreisfreie Stadt Eisenach";"P1Y/2018-12-31";"2018-12-31";"kt/year";0.5;3;1001
1136685304;"RGN_DEU_P1Y_CH4_E_R_1001";"annually reported emissions of methane (CH4) from all sectors in kt/year";"DEG0P";"Wartburgkreis";"P1Y/2018-12-31";"2018-12-31";"kt/year";4.3;3;1001
1136685304;"RGN_DEU_P1Y_CH4_E_R_1001";"annually reported emissions of methane (CH4) from all sectors in kt/year";"DEG01";"Kreisfreie Stadt Erfurt";"P1Y/2018-12-31";"2018-12-31";"kt/year";2.2;3;1001
1136685304;"RGN_DEU_P1Y_CH4_E_R_1001";"annually reported emissions of methane (CH4) from all sectors in kt/year";"DEG02";"Kreisfreie Stadt Gera";"P1Y/2018-12-31";"2018-12-31";"kt/year";1;3;1001
1136685304;"RGN_DEU_P1Y_CH4_E_R_1001";"annually reported emissions of methane (CH4) from all sectors in kt/year";"DEG03";"Kreisfreie Stadt Jena";"P1Y/2018-12-31";"2018-12-31";"kt/year";0.7;3;1001
1136685304;"RGN_DEU_P1Y_CH4_E_R_1001";"annually reported emissions of methane (CH4) from all sectors in kt/year";"DEG04";"Kreisfreie Stadt Suhl";"P1Y/2018-12-31";"2018-12-31";"kt/year";0.6;3;1001
1136685304;"RGN_DEU_P1Y_CH4_E_R_1001";"annually reported emissions of methane (CH4) from all sectors in kt/year";"DEG05";"Kreisfreie Stadt Weimar";"P1Y/2018-12-31";"2018-12-31";"kt/year";0.5;3;1001
1136685304;"RGN_DEU_P1Y_CH4_E_R_1001";"annually reported emissions of methane (CH4) from all sectors in kt/year";"DEG06";"Landkreis Eichsfeld";"P1Y/2018-12-31";"2018-12-31";"kt/year";3.5;3;1001
1136685304;"RGN_DEU_P1Y_CH4_E_R_1001";"annually reported emissions of methane (CH4) from all sectors in kt/year";"DEG07";"Landkreis Nordhausen";"P1Y/2018-12-31";"2018-12-31";"kt/year";2.5;3;1001
1136685304;"RGN_DEU_P1Y_CH4_E_R_1001";"annually reported emissions of methane (CH4) from all sectors in kt/year";"DEG09";"Unstrut-Hainich-Kreis";"P1Y/2018-12-31";"2018-12-31";"kt/year";3.2;3;1001
1136685304;"RGN_DEU_P1Y_CH4_E_R_1001";"annually reported emissions of methane (CH4) from all sectors in kt/year";"DE11A";"Landkreis Schwäbisch Hall";"P1Y/2018-12-31";"2018-12-31";"kt/year";7.2;3;1001
1136685304;"RGN_DEU_P1Y_CH4_E_R_1001";"annually reported emissions of methane (CH4) from all sectors in kt/year";"DE11B";"Main-Tauber-Kreis";"P1Y/2018-12-31";"2018-12-31";"kt/year";4.9;3;1001
1136685304;"RGN_DEU_P1Y_CH4_E_R_1001";"annually reported emissions of methane (CH4) from all sectors in kt/year";"DE11C";"Landkreis Heidenheim";"P1Y/2018-12-31";"2018-12-31";"kt/year";3.4;3;1001
1136685304;"RGN_DEU_P1Y_CH4_E_R_1001";"annually reported emissions of methane (CH4) from all sectors in kt/year";"DE11D";"Ostalbkreis";"P1Y/2018-12-31";"2018-12-31";"kt/year";8.6;3;1001
1136685304;"RGN_DEU_P1Y_CH4_E_R_1001";"annually reported emissions of methane (CH4) from all sectors in kt/year";"DE111";"Stadtkreis Stuttgart";"P1Y/2018-12-31";"2018-12-31";"kt/year";2.8;3;1001
1136685304;"RGN_DEU_P1Y_CH4_E_R_1001";"annually reported emissions of methane (CH4) from all sectors in kt/year";"DE112";"Landkreis Böblingen";"P1Y/2018-12-31";"2018-12-31";"kt/year";4.1;3;1001
1136685304;"RGN_DEU_P1Y_CH4_E_R_1001";"annually reported emissions of methane (CH4) from all sectors in kt/year";"DE113";"Landkreis Esslingen";"P1Y/2018-12-31";"2018-12-31";"kt/year";4.4;3;1001
1136685304;"RGN_DEU_P1Y_CH4_E_R_1001";"annually reported emissions of methane (CH4) from all sectors in kt/year";"DE114";"Landkreis Göppingen";"P1Y/2018-12-31";"2018-12-31";"kt/year";3.8;3;1001
1136685304;"RGN_DEU_P1Y_CH4_E_R_1001";"annually reported emissions of methane (CH4) from all sectors in kt/year";"DE115";"Landkreis Ludwigsburg";"P1Y/2018-12-31";"2018-12-31";"kt/year";4.6;3;1001
1136685304;"RGN_DEU_P1Y_CH4_E_R_1001";"annually reported emissions of methane (CH4) from all sectors in kt/year";"DE116";"Rems-Murr-Kreis";"P1Y/2018-12-31";"2018-12-31";"kt/year";5.1;3;1001
1136685304;"RGN_DEU_P1Y_CH4_E_R_1001";"annually reported emissions of methane (CH4) from all sectors in kt/year";"DE117";"Stadtkreis Heilbronn";"P1Y/2018-12-31";"2018-12-31";"kt/year";0.9;3;1001
1136685304;"RGN_DEU_P1Y_CH4_E_R_1001";"annually reported emissions of methane (CH4) from all sectors in kt/year";"DE118";"Landkreis Heilbronn";"P1Y/2018-12-31";"2018-12-31";"kt/year";5.6;3;1001
1136685304;"RGN_DEU_P1Y_CH4_E_R_1001";"annually reported emissions of methane (CH4) from all sectors in kt/year";"DE119";"Hohenlohekreis";"P1Y/2018-12-31";"2018-12-31";"kt/year";3.4;3;1001
1136685304;"RGN_DEU_P1Y_CH4_E_R_1001";"annually reported emissions of methane (CH4) from all sectors in kt/year";"DE12A";"Landkreis Calw";"P1Y/2018-12-31";"2018-12-31";"kt/year";2.1;3;1001
1136685304;"RGN_DEU_P1Y_CH4_E_R_1001";"annually reported emissions of methane (CH4) from all sectors in kt/year";"DE12B";"Enzkreis";"P1Y/2018-12-31";"2018-12-31";"kt/year";1.9;3;1001
1136685304;"RGN_DEU_P1Y_CH4_E_R_1001";"annually reported emissions of methane (CH4) from all sectors in kt/year";"DE12C";"Landkreis Freudenstadt";"P1Y/2018-12-31";"2018-12-31";"kt/year";2.3;3;1001
1136685304;"RGN_DEU_P1Y_CH4_E_R_1001";"annually reported emissions of methane (CH4) from all sectors in kt/year";"DE121";"Stadtkreis Baden-Baden";"P1Y/2018-12-31";"2018-12-31";"kt/year";0.4;3;1001
1136685304;"RGN_DEU_P1Y_CH4_E_R_1001";"annually reported emissions of methane (CH4) from all sectors in kt/year";"DE122";"Stadtkreis Karlsruhe";"P1Y/2018-12-31";"2018-12-31";"kt/year";2.5;3;1001
1136685304;"RGN_DEU_P1Y_CH4_E_R_1001";"annually reported emissions of methane (CH4) from all sectors in kt/year";"DE123";"Landkreis Karlsruhe";"P1Y/2018-12-31";"2018-12-31";"kt/year";5.3;3;1001
1136685304;"RGN_DEU_P1Y_CH4_E_R_1001";"annually reported emissions of methane (CH4) from all sectors in kt/year";"DE124";"Landkreis Rastatt";"P1Y/2018-12-31";"2018-12-31";"kt/year";3.4;3;1001
1136685304;"RGN_DEU_P1Y_CH4_E_R_1001";"annually reported emissions of methane (CH4) from all sectors in kt/year";"DE125";"Stadtkreis Heidelberg";"P1Y/2018-12-31";"2018-12-31";"kt/year";0.9;3;1001
1136685304;"RGN_DEU_P1Y_CH4_E_R_1001";"annually reported emissions of methane (CH4) from all sectors in kt/year";"DE126";"Stadtkreis Mannheim";"P1Y/2018-12-31";"2018-12-31";"kt/year";5.7;3;1001
1136685304;"RGN_DEU_P1Y_CH4_E_R_1001";"annually reported emissions of methane (CH4) from all sectors in kt/year";"DE127";"Neckar-Odenwald-Kreis";"P1Y/2018-12-31";"2018-12-31";"kt/year";2.9;3;1001
1136685304;"RGN_DEU_P1Y_CH4_E_R_1001";"annually reported emissions of methane (CH4) from all sectors in kt/year";"DE128";"Rhein-Neckar-Kreis";"P1Y/2018-12-31";"2018-12-31";"kt/year";4.4;3;1001
1136685304;"RGN_DEU_P1Y_CH4_E_R_1001";"annually reported emissions of methane (CH4) from all sectors in kt/year";"DE129";"Stadtkreis Pforzheim";"P1Y/2018-12-31";"2018-12-31";"kt/year";0.7;3;1001
1136685304;"RGN_DEU_P1Y_CH4_E_R_1001";"annually reported emissions of methane (CH4) from all sectors in kt/year";"DE13A";"Landkreis Waldshut";"P1Y/2018-12-31";"2018-12-31";"kt/year";3.6;3;1001
1136685304;"RGN_DEU_P1Y_CH4_E_R_1001";"annually reported emissions of methane (CH4) from all sectors in kt/year";"DE131";"Stadtkreis Freiburg im Breisgau";"P1Y/2018-12-31";"2018-12-31";"kt/year";1.3;3;1001
1136685304;"RGN_DEU_P1Y_CH4_E_R_1001";"annually reported emissions of methane (CH4) from all sectors in kt/year";"DE132";"Landkreis Breisgau-Hochschwarzwald";"P1Y/2018-12-31";"2018-12-31";"kt/year";5.5;3;1001
1136685304;"RGN_DEU_P1Y_CH4_E_R_1001";"annually reported emissions of methane (CH4) from all sectors in kt/year";"DE133";"Landkreis Emmendingen";"P1Y/2018-12-31";"2018-12-31";"kt/year";2.7;3;1001
1136685304;"RGN_DEU_P1Y_CH4_E_R_1001";"annually reported emissions of methane (CH4) from all sectors in kt/year";"DE134";"Ortenaukreis";"P1Y/2018-12-31";"2018-12-31";"kt/year";7.1;3;1001
1136685304;"RGN_DEU_P1Y_CH4_E_R_1001";"annually reported emissions of methane (CH4) from all sectors in kt/year";"DE135";"Landkreis Rottweil";"P1Y/2018-12-31";"2018-12-31";"kt/year";2.9;3;1001
1136685304;"RGN_DEU_P1Y_CH4_E_R_1001";"annually reported emissions of methane (CH4) from all sectors in kt/year";"DE136";"Schwarzwald-Baar-Kreis";"P1Y/2018-12-31";"2018-12-31";"kt/year";4.2;3;1001
1136685304;"RGN_DEU_P1Y_CH4_E_R_1001";"annually reported emissions of methane (CH4) from all sectors in kt/year";"DE137";"Landkreis Tuttlingen";"P1Y/2018-12-31";"2018-12-31";"kt/year";3.1;3;1001
1136685304;"RGN_DEU_P1Y_CH4_E_R_1001";"annually reported emissions of methane (CH4) from all sectors in kt/year";"DE138";"Landkreis Konstanz";"P1Y/2018-12-31";"2018-12-31";"kt/year";2.9;3;1001
1136685304;"RGN_DEU_P1Y_CH4_E_R_1001";"annually reported emissions of methane (CH4) from all sectors in kt/year";"DE139";"Landkreis Lörrach";"P1Y/2018-12-31";"2018-12-31";"kt/year";2.6;3;1001
1136685304;"RGN_DEU_P1Y_CH4_E_R_1001";"annually reported emissions of methane (CH4) from all sectors in kt/year";"DE141";"Landkreis Reutlingen";"P1Y/2018-12-31";"2018-12-31";"kt/year";5.5;3;1001
1136685304;"RGN_DEU_P1Y_CH4_E_R_1001";"annually reported emissions of methane (CH4) from all sectors in kt/year";"DE142";"Landkreis Tübingen";"P1Y/2018-12-31";"2018-12-31";"kt/year";2.8;3;1001
1136685304;"RGN_DEU_P1Y_CH4_E_R_1001";"annually reported emissions of methane (CH4) from all sectors in kt/year";"DE143";"Zollernalbkreis";"P1Y/2018-12-31";"2018-12-31";"kt/year";4.5;3;1001
1136685304;"RGN_DEU_P1Y_CH4_E_R_1001";"annually reported emissions of methane (CH4) from all sectors in kt/year";"DE144";"Stadtkreis Ulm";"P1Y/2018-12-31";"2018-12-31";"kt/year";1.2;3;1001
1136685304;"RGN_DEU_P1Y_CH4_E_R_1001";"annually reported emissions of methane (CH4) from all sectors in kt/year";"DE145";"Alb-Donau-Kreis";"P1Y/2018-12-31";"2018-12-31";"kt/year";6.9;3;1001
1136685304;"RGN_DEU_P1Y_CH4_E_R_1001";"annually reported emissions of methane (CH4) from all sectors in kt/year";"DE146";"Landkreis Biberach";"P1Y/2018-12-31";"2018-12-31";"kt/year";8.6;3;1001
1136685304;"RGN_DEU_P1Y_CH4_E_R_1001";"annually reported emissions of methane (CH4) from all sectors in kt/year";"DE147";"Bodenseekreis";"P1Y/2018-12-31";"2018-12-31";"kt/year";4;3;1001
1136685304;"RGN_DEU_P1Y_CH4_E_R_1001";"annually reported emissions of methane (CH4) from all sectors in kt/year";"DE148";"Landkreis Ravensburg";"P1Y/2018-12-31";"2018-12-31";"kt/year";11.1;3;1001
1136685304;"RGN_DEU_P1Y_CH4_E_R_1001";"annually reported emissions of methane (CH4) from all sectors in kt/year";"DE149";"Landkreis Sigmaringen";"P1Y/2018-12-31";"2018-12-31";"kt/year";6.5;3;1001
1136685304;"RGN_DEU_P1Y_CH4_E_R_1001";"annually reported emissions of methane (CH4) from all sectors in kt/year";"DE21A";"Landkreis Erding";"P1Y/2018-12-31";"2018-12-31";"kt/year";5.9;3;1001
1136685304;"RGN_DEU_P1Y_CH4_E_R_1001";"annually reported emissions of methane (CH4) from all sectors in kt/year";"DE21B";"Landkreis Freising";"P1Y/2018-12-31";"2018-12-31";"kt/year";5.3;3;1001
1136685304;"RGN_DEU_P1Y_CH4_E_R_1001";"annually reported emissions of methane (CH4) from all sectors in kt/year";"DE21C";"Landkreis Fürstenfeldbruck";"P1Y/2018-12-31";"2018-12-31";"kt/year";2.6;3;1001
1136685304;"RGN_DEU_P1Y_CH4_E_R_1001";"annually reported emissions of methane (CH4) from all sectors in kt/year";"DE21D";"Landkreis Garmisch-Partenkirchen";"P1Y/2018-12-31";"2018-12-31";"kt/year";3.6;3;1001
1136685304;"RGN_DEU_P1Y_CH4_E_R_1001";"annually reported emissions of methane (CH4) from all sectors in kt/year";"DE21E";"Landkreis Landsberg am Lech";"P1Y/2018-12-31";"2018-12-31";"kt/year";5.1;3;1001
1136685304;"RGN_DEU_P1Y_CH4_E_R_1001";"annually reported emissions of methane (CH4) from all sectors in kt/year";"DE21F";"Landkreis Miesbach";"P1Y/2018-12-31";"2018-12-31";"kt/year";4.8;3;1001
1136685304;"RGN_DEU_P1Y_CH4_E_R_1001";"annually reported emissions of methane (CH4) from all sectors in kt/year";"DE21G";"Landkreis Mühldorf a. Inn";"P1Y/2018-12-31";"2018-12-31";"kt/year";7.3;3;1001
1136685304;"RGN_DEU_P1Y_CH4_E_R_1001";"annually reported emissions of methane (CH4) from all sectors in kt/year";"DE21H";"Landkreis München";"P1Y/2018-12-31";"2018-12-31";"kt/year";5;3;1001
1136685304;"RGN_DEU_P1Y_CH4_E_R_1001";"annually reported emissions of methane (CH4) from all sectors in kt/year";"DE21I";"Landkreis Neuburg-Schrobenhausen";"P1Y/2018-12-31";"2018-12-31";"kt/year";4.1;3;1001
1136685304;"RGN_DEU_P1Y_CH4_E_R_1001";"annually reported emissions of methane (CH4) from all sectors in kt/year";"DE21J";"Landkreis Pfaffenhofen a.d. Ilm";"P1Y/2018-12-31";"2018-12-31";"kt/year";4.4;3;1001
1136685304;"RGN_DEU_P1Y_CH4_E_R_1001";"annually reported emissions of methane (CH4) from all sectors in kt/year";"DE21K";"Landkreis Rosenheim";"P1Y/2018-12-31";"2018-12-31";"kt/year";13.3;3;1001
1136685304;"RGN_DEU_P1Y_CH4_E_R_1001";"annually reported emissions of methane (CH4) from all sectors in kt/year";"DE21L";"Landkreis Starnberg";"P1Y/2018-12-31";"2018-12-31";"kt/year";2.2;3;1001
1136685304;"RGN_DEU_P1Y_CH4_E_R_1001";"annually reported emissions of methane (CH4) from all sectors in kt/year";"DE21M";"Landkreis Traunstein";"P1Y/2018-12-31";"2018-12-31";"kt/year";9.3;3;1001
1136685304;"RGN_DEU_P1Y_CH4_E_R_1001";"annually reported emissions of methane (CH4) from all sectors in kt/year";"DE21N";"Landkreis Weilheim-Schongau";"P1Y/2018-12-31";"2018-12-31";"kt/year";7.6;3;1001
1136685304;"RGN_DEU_P1Y_CH4_E_R_1001";"annually reported emissions of methane (CH4) from all sectors in kt/year";"DE211";"Kreisfreie Stadt Ingolstadt";"P1Y/2018-12-31";"2018-12-31";"kt/year";1.5;3;1001
1136685304;"RGN_DEU_P1Y_CH4_E_R_1001";"annually reported emissions of methane (CH4) from all sectors in kt/year";"DE212";"Kreisfreie Stadt München";"P1Y/2018-12-31";"2018-12-31";"kt/year";5.8;3;1001
1136685304;"RGN_DEU_P1Y_CH4_E_R_1001";"annually reported emissions of methane (CH4) from all sectors in kt/year";"DE213";"Kreisfreie Stadt Rosenheim";"P1Y/2018-12-31";"2018-12-31";"kt/year";0.5;3;1001
1136685304;"RGN_DEU_P1Y_CH4_E_R_1001";"annually reported emissions of methane (CH4) from all sectors in kt/year";"DE214";"Landkreis Altötting";"P1Y/2018-12-31";"2018-12-31";"kt/year";4.5;3;1001
1136685304;"RGN_DEU_P1Y_CH4_E_R_1001";"annually reported emissions of methane (CH4) from all sectors in kt/year";"DE215";"Landkreis Berchtesgadener Land";"P1Y/2018-12-31";"2018-12-31";"kt/year";3.3;3;1001
1136685304;"RGN_DEU_P1Y_CH4_E_R_1001";"annually reported emissions of methane (CH4) from all sectors in kt/year";"DE216";"Landkreis Bad Tölz-Wolfratshausen";"P1Y/2018-12-31";"2018-12-31";"kt/year";5.3;3;1001
1136685304;"RGN_DEU_P1Y_CH4_E_R_1001";"annually reported emissions of methane (CH4) from all sectors in kt/year";"DE217";"Landkreis Dachau";"P1Y/2018-12-31";"2018-12-31";"kt/year";3.5;3;1001
1136685304;"RGN_DEU_P1Y_CH4_E_R_1001";"annually reported emissions of methane (CH4) from all sectors in kt/year";"DE218";"Landkreis Ebersberg";"P1Y/2018-12-31";"2018-12-31";"kt/year";4.1;3;1001
1136685304;"RGN_DEU_P1Y_CH4_E_R_1001";"annually reported emissions of methane (CH4) from all sectors in kt/year";"DE219";"Landkreis Eichstätt";"P1Y/2018-12-31";"2018-12-31";"kt/year";5.9;3;1001
1136685304;"RGN_DEU_P1Y_CH4_E_R_1001";"annually reported emissions of methane (CH4) from all sectors in kt/year";"DE22A";"Landkreis Rottal-Inn";"P1Y/2018-12-31";"2018-12-31";"kt/year";8.7;3;1001
1136685304;"RGN_DEU_P1Y_CH4_E_R_1001";"annually reported emissions of methane (CH4) from all sectors in kt/year";"DE22B";"Landkreis Straubing-Bogen";"P1Y/2018-12-31";"2018-12-31";"kt/year";6.4;3;1001
1136685304;"RGN_DEU_P1Y_CH4_E_R_1001";"annually reported emissions of methane (CH4) from all sectors in kt/year";"DE22C";"Landkreis Dingolfing-Landau";"P1Y/2018-12-31";"2018-12-31";"kt/year";5;3;1001
1136685304;"RGN_DEU_P1Y_CH4_E_R_1001";"annually reported emissions of methane (CH4) from all sectors in kt/year";"DE221";"Kreisfreie Stadt Landshut";"P1Y/2018-12-31";"2018-12-31";"kt/year";0.5;3;1001
1136685304;"RGN_DEU_P1Y_CH4_E_R_1001";"annually reported emissions of methane (CH4) from all sectors in kt/year";"DE222";"Kreisfreie Stadt Passau";"P1Y/2018-12-31";"2018-12-31";"kt/year";0.6;3;1001
1136685304;"RGN_DEU_P1Y_CH4_E_R_1001";"annually reported emissions of methane (CH4) from all sectors in kt/year";"DE223";"Kreisfreie Stadt Straubing";"P1Y/2018-12-31";"2018-12-31";"kt/year";0.5;3;1001
1136685304;"RGN_DEU_P1Y_CH4_E_R_1001";"annually reported emissions of methane (CH4) from all sectors in kt/year";"DE224";"Landkreis Deggendorf";"P1Y/2018-12-31";"2018-12-31";"kt/year";5.9;3;1001
1136685304;"RGN_DEU_P1Y_CH4_E_R_1001";"annually reported emissions of methane (CH4) from all sectors in kt/year";"DE225";"Landkreis Freyung-Grafenau";"P1Y/2018-12-31";"2018-12-31";"kt/year";3.8;3;1001
1136685304;"RGN_DEU_P1Y_CH4_E_R_1001";"annually reported emissions of methane (CH4) from all sectors in kt/year";"DE226";"Landkreis Kelheim";"P1Y/2018-12-31";"2018-12-31";"kt/year";6.3;3;1001
1136685304;"RGN_DEU_P1Y_CH4_E_R_1001";"annually reported emissions of methane (CH4) from all sectors in kt/year";"DE227";"Landkreis Landshut";"P1Y/2018-12-31";"2018-12-31";"kt/year";8.3;3;1001
1136685304;"RGN_DEU_P1Y_CH4_E_R_1001";"annually reported emissions of methane (CH4) from all sectors in kt/year";"DE228";"Landkreis Passau";"P1Y/2018-12-31";"2018-12-31";"kt/year";10.1;3;1001
1136685304;"RGN_DEU_P1Y_CH4_E_R_1001";"annually reported emissions of methane (CH4) from all sectors in kt/year";"DE229";"Landkreis Regen";"P1Y/2018-12-31";"2018-12-31";"kt/year";4.4;3;1001
1136685304;"RGN_DEU_P1Y_CH4_E_R_1001";"annually reported emissions of methane (CH4) from all sectors in kt/year";"DE23A";"Landkreis Tirschenreuth";"P1Y/2018-12-31";"2018-12-31";"kt/year";4.6;3;1001
1136685304;"RGN_DEU_P1Y_CH4_E_R_1001";"annually reported emissions of methane (CH4) from all sectors in kt/year";"DE231";"Kreisfreie Stadt Amberg";"P1Y/2018-12-31";"2018-12-31";"kt/year";0.5;3;1001
1136685304;"RGN_DEU_P1Y_CH4_E_R_1001";"annually reported emissions of methane (CH4) from all sectors in kt/year";"DE232";"Kreisfreie Stadt Regensburg";"P1Y/2018-12-31";"2018-12-31";"kt/year";1;3;1001
1136685304;"RGN_DEU_P1Y_CH4_E_R_1001";"annually reported emissions of methane (CH4) from all sectors in kt/year";"DE233";"Kreisfreie Stadt Weiden i.d. OPf.";"P1Y/2018-12-31";"2018-12-31";"kt/year";0.6;3;1001
1136685304;"RGN_DEU_P1Y_CH4_E_R_1001";"annually reported emissions of methane (CH4) from all sectors in kt/year";"DE234";"Landkreis Amberg-Sulzbach";"P1Y/2018-12-31";"2018-12-31";"kt/year";7.2;3;1001
1136685304;"RGN_DEU_P1Y_CH4_E_R_1001";"annually reported emissions of methane (CH4) from all sectors in kt/year";"DE235";"Landkreis Cham";"P1Y/2018-12-31";"2018-12-31";"kt/year";8.2;3;1001
1136685304;"RGN_DEU_P1Y_CH4_E_R_1001";"annually reported emissions of methane (CH4) from all sectors in kt/year";"DE236";"Landkreis Neumarkt i.d. OPf.";"P1Y/2018-12-31";"2018-12-31";"kt/year";6.5;3;1001
1136685304;"RGN_DEU_P1Y_CH4_E_R_1001";"annually reported emissions of methane (CH4) from all sectors in kt/year";"DE237";"Landkreis Neustadt a.d. Waldnaab";"P1Y/2018-12-31";"2018-12-31";"kt/year";9.1;3;1001
1136685304;"RGN_DEU_P1Y_CH4_E_R_1001";"annually reported emissions of methane (CH4) from all sectors in kt/year";"DE238";"Landkreis Regensburg";"P1Y/2018-12-31";"2018-12-31";"kt/year";6.7;3;1001
1136685304;"RGN_DEU_P1Y_CH4_E_R_1001";"annually reported emissions of methane (CH4) from all sectors in kt/year";"DE239";"Landkreis Schwandorf";"P1Y/2018-12-31";"2018-12-31";"kt/year";8.9;3;1001
1136685304;"RGN_DEU_P1Y_CH4_E_R_1001";"annually reported emissions of methane (CH4) from all sectors in kt/year";"DE24A";"Landkreis Kronach";"P1Y/2018-12-31";"2018-12-31";"kt/year";2.4;3;1001
1136685304;"RGN_DEU_P1Y_CH4_E_R_1001";"annually reported emissions of methane (CH4) from all sectors in kt/year";"DE24B";"Landkreis Kulmbach";"P1Y/2018-12-31";"2018-12-31";"kt/year";2.7;3;1001
1136685304;"RGN_DEU_P1Y_CH4_E_R_1001";"annually reported emissions of methane (CH4) from all sectors in kt/year";"DE24C";"Landkreis Lichtenfels";"P1Y/2018-12-31";"2018-12-31";"kt/year";2.2;3;1001
1136685304;"RGN_DEU_P1Y_CH4_E_R_1001";"annually reported emissions of methane (CH4) from all sectors in kt/year";"DE24D";"Landkreis Wunsiedel i. Fichtelgebirge";"P1Y/2018-12-31";"2018-12-31";"kt/year";2.4;3;1001
1136685304;"RGN_DEU_P1Y_CH4_E_R_1001";"annually reported emissions of methane (CH4) from all sectors in kt/year";"DE241";"Kreisfreie Stadt Bamberg";"P1Y/2018-12-31";"2018-12-31";"kt/year";0.4;3;1001
1136685304;"RGN_DEU_P1Y_CH4_E_R_1001";"annually reported emissions of methane (CH4) from all sectors in kt/year";"DE242";"Kreisfreie Stadt Bayreuth";"P1Y/2018-12-31";"2018-12-31";"kt/year";0.5;3;1001
1136685304;"RGN_DEU_P1Y_CH4_E_R_1001";"annually reported emissions of methane (CH4) from all sectors in kt/year";"DE243";"Kreisfreie Stadt Coburg";"P1Y/2018-12-31";"2018-12-31";"kt/year";0.4;3;1001
1136685304;"RGN_DEU_P1Y_CH4_E_R_1001";"annually reported emissions of methane (CH4) from all sectors in kt/year";"DE244";"Kreisfreie Stadt Hof";"P1Y/2018-12-31";"2018-12-31";"kt/year";0.4;3;1001
1136685304;"RGN_DEU_P1Y_CH4_E_R_1001";"annually reported emissions of methane (CH4) from all sectors in kt/year";"DE245";"Landkreis Bamberg";"P1Y/2018-12-31";"2018-12-31";"kt/year";4.8;3;1001
1136685304;"RGN_DEU_P1Y_CH4_E_R_1001";"annually reported emissions of methane (CH4) from all sectors in kt/year";"DE246";"Landkreis Bayreuth";"P1Y/2018-12-31";"2018-12-31";"kt/year";5.5;3;1001
1136685304;"RGN_DEU_P1Y_CH4_E_R_1001";"annually reported emissions of methane (CH4) from all sectors in kt/year";"DE247";"Landkreis Coburg";"P1Y/2018-12-31";"2018-12-31";"kt/year";2.6;3;1001
1136685304;"RGN_DEU_P1Y_CH4_E_R_1001";"annually reported emissions of methane (CH4) from all sectors in kt/year";"DE248";"Landkreis Forchheim";"P1Y/2018-12-31";"2018-12-31";"kt/year";2.6;3;1001
1136685304;"RGN_DEU_P1Y_CH4_E_R_1001";"annually reported emissions of methane (CH4) from all sectors in kt/year";"DE249";"Landkreis Hof";"P1Y/2018-12-31";"2018-12-31";"kt/year";3.7;3;1001
1136685304;"RGN_DEU_P1Y_CH4_E_R_1001";"annually reported emissions of methane (CH4) from all sectors in kt/year";"DE25A";"Landkreis Neustadt a.d. Aisch-Bad Windsheim";"P1Y/2018-12-31";"2018-12-31";"kt/year";6.1;3;1001
1136685304;"RGN_DEU_P1Y_CH4_E_R_1001";"annually reported emissions of methane (CH4) from all sectors in kt/year";"DE25B";"Landkreis Roth";"P1Y/2018-12-31";"2018-12-31";"kt/year";5.4;3;1001
1136685304;"RGN_DEU_P1Y_CH4_E_R_1001";"annually reported emissions of methane (CH4) from all sectors in kt/year";"DE25C";"Landkreis Weißenburg-Gunzenhausen";"P1Y/2018-12-31";"2018-12-31";"kt/year";5.4;3;1001
1136685304;"RGN_DEU_P1Y_CH4_E_R_1001";"annually reported emissions of methane (CH4) from all sectors in kt/year";"DE251";"Kreisfreie Stadt Ansbach";"P1Y/2018-12-31";"2018-12-31";"kt/year";0.8;3;1001
1136685304;"RGN_DEU_P1Y_CH4_E_R_1001";"annually reported emissions of methane (CH4) from all sectors in kt/year";"DE252";"Kreisfreie Stadt Erlangen";"P1Y/2018-12-31";"2018-12-31";"kt/year";0.7;3;1001
1136685304;"RGN_DEU_P1Y_CH4_E_R_1001";"annually reported emissions of methane (CH4) from all sectors in kt/year";"DE253";"Kreisfreie Stadt Fürth";"P1Y/2018-12-31";"2018-12-31";"kt/year";0.7;3;1001
1136685304;"RGN_DEU_P1Y_CH4_E_R_1001";"annually reported emissions of methane (CH4) from all sectors in kt/year";"DE254";"Kreisfreie Stadt Nürnberg";"P1Y/2018-12-31";"2018-12-31";"kt/year";3.3;3;1001
1136685304;"RGN_DEU_P1Y_CH4_E_R_1001";"annually reported emissions of methane (CH4) from all sectors in kt/year";"DE255";"Kreisfreie Stadt Schwabach";"P1Y/2018-12-31";"2018-12-31";"kt/year";0.4;3;1001
1136685304;"RGN_DEU_P1Y_CH4_E_R_1001";"annually reported emissions of methane (CH4) from all sectors in kt/year";"DE256";"Landkreis Ansbach";"P1Y/2018-12-31";"2018-12-31";"kt/year";12.1;3;1001
1136685304;"RGN_DEU_P1Y_CH4_E_R_1001";"annually reported emissions of methane (CH4) from all sectors in kt/year";"DE257";"Landkreis Erlangen-Höchstadt";"P1Y/2018-12-31";"2018-12-31";"kt/year";3.8;3;1001
1136685304;"RGN_DEU_P1Y_CH4_E_R_1001";"annually reported emissions of methane (CH4) from all sectors in kt/year";"DE258";"Landkreis Fürth";"P1Y/2018-12-31";"2018-12-31";"kt/year";2.1;3;1001
1136685304;"RGN_DEU_P1Y_CH4_E_R_1001";"annually reported emissions of methane (CH4) from all sectors in kt/year";"DE259";"Landkreis Nürnberger Land";"P1Y/2018-12-31";"2018-12-31";"kt/year";4.5;3;1001
1136685304;"RGN_DEU_P1Y_CH4_E_R_1001";"annually reported emissions of methane (CH4) from all sectors in kt/year";"DE26A";"Landkreis Main-Spessart";"P1Y/2018-12-31";"2018-12-31";"kt/year";3.4;3;1001
1136685304;"RGN_DEU_P1Y_CH4_E_R_1001";"annually reported emissions of methane (CH4) from all sectors in kt/year";"DE26B";"Landkreis Schweinfurt";"P1Y/2018-12-31";"2018-12-31";"kt/year";2.7;3;1001
1136685304;"RGN_DEU_P1Y_CH4_E_R_1001";"annually reported emissions of methane (CH4) from all sectors in kt/year";"DE26C";"Landkreis Würzburg";"P1Y/2018-12-31";"2018-12-31";"kt/year";4.4;3;1001
1136685304;"RGN_DEU_P1Y_CH4_E_R_1001";"annually reported emissions of methane (CH4) from all sectors in kt/year";"DE261";"Kreisfreie Stadt Aschaffenburg";"P1Y/2018-12-31";"2018-12-31";"kt/year";0.6;3;1001
1136685304;"RGN_DEU_P1Y_CH4_E_R_1001";"annually reported emissions of methane (CH4) from all sectors in kt/year";"DE262";"Kreisfreie Stadt Schweinfurt";"P1Y/2018-12-31";"2018-12-31";"kt/year";0.3;3;1001
1136685304;"RGN_DEU_P1Y_CH4_E_R_1001";"annually reported emissions of methane (CH4) from all sectors in kt/year";"DE263";"Kreisfreie Stadt Würzburg";"P1Y/2018-12-31";"2018-12-31";"kt/year";2.2;3;1001
1136685304;"RGN_DEU_P1Y_CH4_E_R_1001";"annually reported emissions of methane (CH4) from all sectors in kt/year";"DE264";"Landkreis Aschaffenburg";"P1Y/2018-12-31";"2018-12-31";"kt/year";2.2;3;1001
1136685304;"RGN_DEU_P1Y_CH4_E_R_1001";"annually reported emissions of methane (CH4) from all sectors in kt/year";"DE265";"Landkreis Bad Kissingen";"P1Y/2018-12-31";"2018-12-31";"kt/year";2.9;3;1001
1136685304;"RGN_DEU_P1Y_CH4_E_R_1001";"annually reported emissions of methane (CH4) from all sectors in kt/year";"DE266";"Landkreis Rhön-Grabfeld";"P1Y/2018-12-31";"2018-12-31";"kt/year";2.5;3;1001
1136685304;"RGN_DEU_P1Y_CH4_E_R_1001";"annually reported emissions of methane (CH4) from all sectors in kt/year";"DE267";"Landkreis Haßberge";"P1Y/2018-12-31";"2018-12-31";"kt/year";3.2;3;1001
1136685304;"RGN_DEU_P1Y_CH4_E_R_1001";"annually reported emissions of methane (CH4) from all sectors in kt/year";"DE268";"Landkreis Kitzingen";"P1Y/2018-12-31";"2018-12-31";"kt/year";2.3;3;1001
1136685304;"RGN_DEU_P1Y_CH4_E_R_1001";"annually reported emissions of methane (CH4) from all sectors in kt/year";"DE269";"Landkreis Miltenberg";"P1Y/2018-12-31";"2018-12-31";"kt/year";2.5;3;1001
1136685304;"RGN_DEU_P1Y_CH4_E_R_1001";"annually reported emissions of methane (CH4) from all sectors in kt/year";"DE27A";"Landkreis Lindau (Bodensee)";"P1Y/2018-12-31";"2018-12-31";"kt/year";2.2;3;1001
1136685304;"RGN_DEU_P1Y_CH4_E_R_1001";"annually reported emissions of methane (CH4) from all sectors in kt/year";"DE27B";"Landkreis Ostallgäu";"P1Y/2018-12-31";"2018-12-31";"kt/year";11.2;3;1001
1136685304;"RGN_DEU_P1Y_CH4_E_R_1001";"annually reported emissions of methane (CH4) from all sectors in kt/year";"DE27C";"Landkreis Unterallgäu";"P1Y/2018-12-31";"2018-12-31";"kt/year";12.5;3;1001
1136685304;"RGN_DEU_P1Y_CH4_E_R_1001";"annually reported emissions of methane (CH4) from all sectors in kt/year";"DE27D";"Landkreis Donau-Ries";"P1Y/2018-12-31";"2018-12-31";"kt/year";7.6;3;1001
1136685304;"RGN_DEU_P1Y_CH4_E_R_1001";"annually reported emissions of methane (CH4) from all sectors in kt/year";"DE27E";"Landkreis Oberallgäu";"P1Y/2018-12-31";"2018-12-31";"kt/year";9.5;3;1001
1136685304;"RGN_DEU_P1Y_CH4_E_R_1001";"annually reported emissions of methane (CH4) from all sectors in kt/year";"DE271";"Kreisfreie Stadt Augsburg";"P1Y/2018-12-31";"2018-12-31";"kt/year";1.9;3;1001
1136685304;"RGN_DEU_P1Y_CH4_E_R_1001";"annually reported emissions of methane (CH4) from all sectors in kt/year";"DE272";"Kreisfreie Stadt Kaufbeuren";"P1Y/2018-12-31";"2018-12-31";"kt/year";0.5;3;1001
1136685304;"RGN_DEU_P1Y_CH4_E_R_1001";"annually reported emissions of methane (CH4) from all sectors in kt/year";"DE273";"Kreisfreie Stadt Kempten (Allgäu)";"P1Y/2018-12-31";"2018-12-31";"kt/year";0.7;3;1001
1136685304;"RGN_DEU_P1Y_CH4_E_R_1001";"annually reported emissions of methane (CH4) from all sectors in kt/year";"DE274";"Kreisfreie Stadt Memmingen";"P1Y/2018-12-31";"2018-12-31";"kt/year";1.2;3;1001
1136685304;"RGN_DEU_P1Y_CH4_E_R_1001";"annually reported emissions of methane (CH4) from all sectors in kt/year";"DE275";"Landkreis Aichach-Friedberg";"P1Y/2018-12-31";"2018-12-31";"kt/year";5;3;1001
1136685304;"RGN_DEU_P1Y_CH4_E_R_1001";"annually reported emissions of methane (CH4) from all sectors in kt/year";"DE276";"Landkreis Augsburg";"P1Y/2018-12-31";"2018-12-31";"kt/year";7.7;3;1001
1136685304;"RGN_DEU_P1Y_CH4_E_R_1001";"annually reported emissions of methane (CH4) from all sectors in kt/year";"DE277";"Landkreis Dillingen a.d. Donau";"P1Y/2018-12-31";"2018-12-31";"kt/year";4.5;3;1001
1136685304;"RGN_DEU_P1Y_CH4_E_R_1001";"annually reported emissions of methane (CH4) from all sectors in kt/year";"DE278";"Landkreis Günzburg";"P1Y/2018-12-31";"2018-12-31";"kt/year";5.4;3;1001
1136685304;"RGN_DEU_P1Y_CH4_E_R_1001";"annually reported emissions of methane (CH4) from all sectors in kt/year";"DE279";"Landkreis Neu-Ulm";"P1Y/2018-12-31";"2018-12-31";"kt/year";4;3;1001
1136685304;"RGN_DEU_P1Y_CH4_E_R_1001";"annually reported emissions of methane (CH4) from all sectors in kt/year";"DE300";"Kreisfreie Stadt Berlin";"P1Y/2018-12-31";"2018-12-31";"kt/year";13.9;3;1001
1136685304;"RGN_DEU_P1Y_CH4_E_R_1001";"annually reported emissions of methane (CH4) from all sectors in kt/year";"DE40A";"Landkreis Oberhavel";"P1Y/2018-12-31";"2018-12-31";"kt/year";5.5;3;1001
1136685304;"RGN_DEU_P1Y_CH4_E_R_1001";"annually reported emissions of methane (CH4) from all sectors in kt/year";"DE40B";"Landkreis Oberspreewald-Lausitz";"P1Y/2018-12-31";"2018-12-31";"kt/year";4.6;3;1001
1136685304;"RGN_DEU_P1Y_CH4_E_R_1001";"annually reported emissions of methane (CH4) from all sectors in kt/year";"DE40C";"Landkreis Oder-Spree";"P1Y/2018-12-31";"2018-12-31";"kt/year";8.6;3;1001
1136685304;"RGN_DEU_P1Y_CH4_E_R_1001";"annually reported emissions of methane (CH4) from all sectors in kt/year";"DE40D";"Landkreis Ostprignitz-Ruppin";"P1Y/2018-12-31";"2018-12-31";"kt/year";7.2;3;1001
1136685304;"RGN_DEU_P1Y_CH4_E_R_1001";"annually reported emissions of methane (CH4) from all sectors in kt/year";"DE40E";"Landkreis Potsdam-Mittelmark";"P1Y/2018-12-31";"2018-12-31";"kt/year";7.8;3;1001
1136685304;"RGN_DEU_P1Y_CH4_E_R_1001";"annually reported emissions of methane (CH4) from all sectors in kt/year";"DE40F";"Landkreis Prignitz";"P1Y/2018-12-31";"2018-12-31";"kt/year";7;3;1001
1136685304;"RGN_DEU_P1Y_CH4_E_R_1001";"annually reported emissions of methane (CH4) from all sectors in kt/year";"DE40G";"Landkreis Spree-Neiße";"P1Y/2018-12-31";"2018-12-31";"kt/year";5.1;3;1001
1136685304;"RGN_DEU_P1Y_CH4_E_R_1001";"annually reported emissions of methane (CH4) from all sectors in kt/year";"DE40H";"Landkreis Teltow-Fläming";"P1Y/2018-12-31";"2018-12-31";"kt/year";8.7;3;1001
1136685304;"RGN_DEU_P1Y_CH4_E_R_1001";"annually reported emissions of methane (CH4) from all sectors in kt/year";"DE40I";"Landkreis Uckermark";"P1Y/2018-12-31";"2018-12-31";"kt/year";8.9;3;1001
1136685304;"RGN_DEU_P1Y_CH4_E_R_1001";"annually reported emissions of methane (CH4) from all sectors in kt/year";"DE401";"Kreisfreie Stadt Brandenburg an der Havel";"P1Y/2018-12-31";"2018-12-31";"kt/year";1.7;3;1001
1136685304;"RGN_DEU_P1Y_CH4_E_R_1001";"annually reported emissions of methane (CH4) from all sectors in kt/year";"DE402";"Kreisfreie Stadt Cottbus";"P1Y/2018-12-31";"2018-12-31";"kt/year";1.1;3;1001
1136685304;"RGN_DEU_P1Y_CH4_E_R_1001";"annually reported emissions of methane (CH4) from all sectors in kt/year";"DE403";"Kreisfreie Stadt Frankfurt (Oder)";"P1Y/2018-12-31";"2018-12-31";"kt/year";0.6;3;1001
1136685304;"RGN_DEU_P1Y_CH4_E_R_1001";"annually reported emissions of methane (CH4) from all sectors in kt/year";"DE404";"Kreisfreie Stadt Potsdam";"P1Y/2018-12-31";"2018-12-31";"kt/year";1;3;1001
1136685304;"RGN_DEU_P1Y_CH4_E_R_1001";"annually reported emissions of methane (CH4) from all sectors in kt/year";"DE405";"Landkreis Barnim";"P1Y/2018-12-31";"2018-12-31";"kt/year";5.2;3;1001
1136685304;"RGN_DEU_P1Y_CH4_E_R_1001";"annually reported emissions of methane (CH4) from all sectors in kt/year";"DE406";"Landkreis Dahme-Spreewald";"P1Y/2018-12-31";"2018-12-31";"kt/year";7;3;1001
1136685304;"RGN_DEU_P1Y_CH4_E_R_1001";"annually reported emissions of methane (CH4) from all sectors in kt/year";"DE407";"Landkreis Elbe-Elster";"P1Y/2018-12-31";"2018-12-31";"kt/year";6;3;1001
1136685304;"RGN_DEU_P1Y_CH4_E_R_1001";"annually reported emissions of methane (CH4) from all sectors in kt/year";"DE408";"Landkreis Havelland";"P1Y/2018-12-31";"2018-12-31";"kt/year";5.6;3;1001
1136685304;"RGN_DEU_P1Y_CH4_E_R_1001";"annually reported emissions of methane (CH4) from all sectors in kt/year";"DE409";"Landkreis Märkisch-Oderland";"P1Y/2018-12-31";"2018-12-31";"kt/year";5.7;3;1001
1136685304;"RGN_DEU_P1Y_CH4_E_R_1001";"annually reported emissions of methane (CH4) from all sectors in kt/year";"DE501";"Kreisfreie Stadt Bremen";"P1Y/2018-12-31";"2018-12-31";"kt/year";8.5;3;1001
1136685304;"RGN_DEU_P1Y_CH4_E_R_1001";"annually reported emissions of methane (CH4) from all sectors in kt/year";"DE502";"Kreisfreie Stadt Bremerhaven";"P1Y/2018-12-31";"2018-12-31";"kt/year";0.9;3;1001
1136685304;"RGN_DEU_P1Y_CH4_E_R_1001";"annually reported emissions of methane (CH4) from all sectors in kt/year";"DE600";"Kreisfreie Stadt Hamburg";"P1Y/2018-12-31";"2018-12-31";"kt/year";10.3;3;1001
1136685304;"RGN_DEU_P1Y_CH4_E_R_1001";"annually reported emissions of methane (CH4) from all sectors in kt/year";"DE71A";"Main-Taunus-Kreis";"P1Y/2018-12-31";"2018-12-31";"kt/year";1.7;3;1001
1136685304;"RGN_DEU_P1Y_CH4_E_R_1001";"annually reported emissions of methane (CH4) from all sectors in kt/year";"DE71B";"Odenwaldkreis";"P1Y/2018-12-31";"2018-12-31";"kt/year";2.3;3;1001
1136685304;"RGN_DEU_P1Y_CH4_E_R_1001";"annually reported emissions of methane (CH4) from all sectors in kt/year";"DE71C";"Landkreis Offenbach";"P1Y/2018-12-31";"2018-12-31";"kt/year";2.9;3;1001
1136685304;"RGN_DEU_P1Y_CH4_E_R_1001";"annually reported emissions of methane (CH4) from all sectors in kt/year";"DE71D";"Rheingau-Taunus-Kreis";"P1Y/2018-12-31";"2018-12-31";"kt/year";2.1;3;1001
1136685304;"RGN_DEU_P1Y_CH4_E_R_1001";"annually reported emissions of methane (CH4) from all sectors in kt/year";"DE71E";"Wetteraukreis";"P1Y/2018-12-31";"2018-12-31";"kt/year";3.8;3;1001
1136685304;"RGN_DEU_P1Y_CH4_E_R_1001";"annually reported emissions of methane (CH4) from all sectors in kt/year";"DE711";"Kreisfreie Stadt Darmstadt";"P1Y/2018-12-31";"2018-12-31";"kt/year";1.4;3;1001
1136685304;"RGN_DEU_P1Y_CH4_E_R_1001";"annually reported emissions of methane (CH4) from all sectors in kt/year";"DE712";"Kreisfreie Stadt Frankfurt am Main";"P1Y/2018-12-31";"2018-12-31";"kt/year";4;3;1001
1136685304;"RGN_DEU_P1Y_CH4_E_R_1001";"annually reported emissions of methane (CH4) from all sectors in kt/year";"DE713";"Kreisfreie Stadt Offenbach am Main";"P1Y/2018-12-31";"2018-12-31";"kt/year";0.5;3;1001
1136685304;"RGN_DEU_P1Y_CH4_E_R_1001";"annually reported emissions of methane (CH4) from all sectors in kt/year";"DE714";"Kreisfreie Stadt Wiesbaden";"P1Y/2018-12-31";"2018-12-31";"kt/year";2.8;3;1001
1136685304;"RGN_DEU_P1Y_CH4_E_R_1001";"annually reported emissions of methane (CH4) from all sectors in kt/year";"DE715";"Landkreis Bergstraße";"P1Y/2018-12-31";"2018-12-31";"kt/year";3;3;1001
1136685304;"RGN_DEU_P1Y_CH4_E_R_1001";"annually reported emissions of methane (CH4) from all sectors in kt/year";"DE716";"Landkreis Darmstadt-Dieburg";"P1Y/2018-12-31";"2018-12-31";"kt/year";4;3;1001
1136685304;"RGN_DEU_P1Y_CH4_E_R_1001";"annually reported emissions of methane (CH4) from all sectors in kt/year";"DE717";"Landkreis Groß-Gerau";"P1Y/2018-12-31";"2018-12-31";"kt/year";2.8;3;1001
1136685304;"RGN_DEU_P1Y_CH4_E_R_1001";"annually reported emissions of methane (CH4) from all sectors in kt/year";"DE718";"Hochtaunuskreis";"P1Y/2018-12-31";"2018-12-31";"kt/year";1.8;3;1001
1136685304;"RGN_DEU_P1Y_CH4_E_R_1001";"annually reported emissions of methane (CH4) from all sectors in kt/year";"DE719";"Main-Kinzig-Kreis";"P1Y/2018-12-31";"2018-12-31";"kt/year";7.3;3;1001
1136685304;"RGN_DEU_P1Y_CH4_E_R_1001";"annually reported emissions of methane (CH4) from all sectors in kt/year";"DE721";"Landkreis Gießen";"P1Y/2018-12-31";"2018-12-31";"kt/year";3.6;3;1001
1136685304;"RGN_DEU_P1Y_CH4_E_R_1001";"annually reported emissions of methane (CH4) from all sectors in kt/year";"DE722";"Lahn-Dill-Kreis";"P1Y/2018-12-31";"2018-12-31";"kt/year";3.9;3;1001
1136685304;"RGN_DEU_P1Y_CH4_E_R_1001";"annually reported emissions of methane (CH4) from all sectors in kt/year";"DE723";"Landkreis Limburg-Weilburg";"P1Y/2018-12-31";"2018-12-31";"kt/year";3;3;1001
1136685304;"RGN_DEU_P1Y_CH4_E_R_1001";"annually reported emissions of methane (CH4) from all sectors in kt/year";"DE724";"Landkreis Marburg-Biedenkopf";"P1Y/2018-12-31";"2018-12-31";"kt/year";4.7;3;1001
1136685304;"RGN_DEU_P1Y_CH4_E_R_1001";"annually reported emissions of methane (CH4) from all sectors in kt/year";"DE725";"Vogelsbergkreis";"P1Y/2018-12-31";"2018-12-31";"kt/year";5.2;3;1001
1136685304;"RGN_DEU_P1Y_CH4_E_R_1001";"annually reported emissions of methane (CH4) from all sectors in kt/year";"DE731";"Kreisfreie Stadt Kassel";"P1Y/2018-12-31";"2018-12-31";"kt/year";1.2;3;1001
1136685304;"RGN_DEU_P1Y_CH4_E_R_1001";"annually reported emissions of methane (CH4) from all sectors in kt/year";"DE732";"Landkreis Fulda";"P1Y/2018-12-31";"2018-12-31";"kt/year";5.8;3;1001
1136685304;"RGN_DEU_P1Y_CH4_E_R_1001";"annually reported emissions of methane (CH4) from all sectors in kt/year";"DE733";"Landkreis Hersfeld-Rotenburg";"P1Y/2018-12-31";"2018-12-31";"kt/year";4.1;3;1001
1136685304;"RGN_DEU_P1Y_CH4_E_R_1001";"annually reported emissions of methane (CH4) from all sectors in kt/year";"DE734";"Landkreis Kassel";"P1Y/2018-12-31";"2018-12-31";"kt/year";5.4;3;1001
1136685304;"RGN_DEU_P1Y_CH4_E_R_1001";"annually reported emissions of methane (CH4) from all sectors in kt/year";"DE735";"Schwalm-Eder-Kreis";"P1Y/2018-12-31";"2018-12-31";"kt/year";5.6;3;1001
1136685304;"RGN_DEU_P1Y_CH4_E_R_1001";"annually reported emissions of methane (CH4) from all sectors in kt/year";"DE736";"Landkreis Waldeck-Frankenberg";"P1Y/2018-12-31";"2018-12-31";"kt/year";6.6;3;1001
1136685304;"RGN_DEU_P1Y_CH4_E_R_1001";"annually reported emissions of methane (CH4) from all sectors in kt/year";"DE737";"Werra-Meißner-Kreis";"P1Y/2018-12-31";"2018-12-31";"kt/year";3.3;3;1001
1136685304;"RGN_DEU_P1Y_CH4_E_R_1001";"annually reported emissions of methane (CH4) from all sectors in kt/year";"DE80J";"Landkreis Mecklenburgische Seenplatte";"P1Y/2018-12-31";"2018-12-31";"kt/year";15.3;3;1001
1136685304;"RGN_DEU_P1Y_CH4_E_R_1001";"annually reported emissions of methane (CH4) from all sectors in kt/year";"DE80K";"Landkreis Rostock";"P1Y/2018-12-31";"2018-12-31";"kt/year";11.8;3;1001
1136685304;"RGN_DEU_P1Y_CH4_E_R_1001";"annually reported emissions of methane (CH4) from all sectors in kt/year";"DE80L";"Landkreis Vorpommern-Rügen";"P1Y/2018-12-31";"2018-12-31";"kt/year";8.3;3;1001
1136685304;"RGN_DEU_P1Y_CH4_E_R_1001";"annually reported emissions of methane (CH4) from all sectors in kt/year";"DE80M";"Landkreis Nordwestmecklenburg";"P1Y/2018-12-31";"2018-12-31";"kt/year";7.5;3;1001
1136685304;"RGN_DEU_P1Y_CH4_E_R_1001";"annually reported emissions of methane (CH4) from all sectors in kt/year";"DE80N";"Landkreis Vorpommern-Greifswald";"P1Y/2018-12-31";"2018-12-31";"kt/year";10.9;3;1001
1136685304;"RGN_DEU_P1Y_CH4_E_R_1001";"annually reported emissions of methane (CH4) from all sectors in kt/year";"DE80O";"Landkreis Ludwigslust-Parchim";"P1Y/2018-12-31";"2018-12-31";"kt/year";16.4;3;1001
1136685304;"RGN_DEU_P1Y_CH4_E_R_1001";"annually reported emissions of methane (CH4) from all sectors in kt/year";"DE803";"Kreisfreie Stadt Rostock";"P1Y/2018-12-31";"2018-12-31";"kt/year";1.5;3;1001
1136685304;"RGN_DEU_P1Y_CH4_E_R_1001";"annually reported emissions of methane (CH4) from all sectors in kt/year";"DE804";"Kreisfreie Stadt Schwerin";"P1Y/2018-12-31";"2018-12-31";"kt/year";0.7;3;1001
1136685304;"RGN_DEU_P1Y_CH4_E_R_1001";"annually reported emissions of methane (CH4) from all sectors in kt/year";"DE91A";"Landkreis Peine";"P1Y/2018-12-31";"2018-12-31";"kt/year";2.1;3;1001
1136685304;"RGN_DEU_P1Y_CH4_E_R_1001";"annually reported emissions of methane (CH4) from all sectors in kt/year";"DE91B";"Landkreis Wolfenbüttel";"P1Y/2018-12-31";"2018-12-31";"kt/year";2;3;1001
1136685304;"RGN_DEU_P1Y_CH4_E_R_1001";"annually reported emissions of methane (CH4) from all sectors in kt/year";"DE91C";"Landkreis Göttingen";"P1Y/2018-12-31";"2018-12-31";"kt/year";4.6;3;1001
1136685304;"RGN_DEU_P1Y_CH4_E_R_1001";"annually reported emissions of methane (CH4) from all sectors in kt/year";"DE911";"Kreisfreie Stadt Braunschweig";"P1Y/2018-12-31";"2018-12-31";"kt/year";2.1;3;1001
1136685304;"RGN_DEU_P1Y_CH4_E_R_1001";"annually reported emissions of methane (CH4) from all sectors in kt/year";"DE912";"Kreisfreie Stadt Salzgitter";"P1Y/2018-12-31";"2018-12-31";"kt/year";5.2;3;1001
1136685304;"RGN_DEU_P1Y_CH4_E_R_1001";"annually reported emissions of methane (CH4) from all sectors in kt/year";"DE913";"Kreisfreie Stadt Wolfsburg";"P1Y/2018-12-31";"2018-12-31";"kt/year";1.4;3;1001
1136685304;"RGN_DEU_P1Y_CH4_E_R_1001";"annually reported emissions of methane (CH4) from all sectors in kt/year";"DE914";"Landkreis Gifhorn";"P1Y/2018-12-31";"2018-12-31";"kt/year";4.4;3;1001
1136685304;"RGN_DEU_P1Y_CH4_E_R_1001";"annually reported emissions of methane (CH4) from all sectors in kt/year";"DE916";"Landkreis Goslar";"P1Y/2018-12-31";"2018-12-31";"kt/year";2.2;3;1001
1136685304;"RGN_DEU_P1Y_CH4_E_R_1001";"annually reported emissions of methane (CH4) from all sectors in kt/year";"DE917";"Landkreis Helmstedt";"P1Y/2018-12-31";"2018-12-31";"kt/year";1.5;3;1001
1136685304;"RGN_DEU_P1Y_CH4_E_R_1001";"annually reported emissions of methane (CH4) from all sectors in kt/year";"DE918";"Landkreis Northeim";"P1Y/2018-12-31";"2018-12-31";"kt/year";2.7;3;1001
1136685304;"RGN_DEU_P1Y_CH4_E_R_1001";"annually reported emissions of methane (CH4) from all sectors in kt/year";"DE922";"Landkreis Diepholz";"P1Y/2018-12-31";"2018-12-31";"kt/year";24.7;3;1001
1136685304;"RGN_DEU_P1Y_CH4_E_R_1001";"annually reported emissions of methane (CH4) from all sectors in kt/year";"DE923";"Landkreis Hameln-Pyrmont";"P1Y/2018-12-31";"2018-12-31";"kt/year";3.1;3;1001
1136685304;"RGN_DEU_P1Y_CH4_E_R_1001";"annually reported emissions of methane (CH4) from all sectors in kt/year";"DE925";"Landkreis Hildesheim";"P1Y/2018-12-31";"2018-12-31";"kt/year";4.7;3;1001
1136685304;"RGN_DEU_P1Y_CH4_E_R_1001";"annually reported emissions of methane (CH4) from all sectors in kt/year";"DE926";"Landkreis Holzminden";"P1Y/2018-12-31";"2018-12-31";"kt/year";2.1;3;1001
1136685304;"RGN_DEU_P1Y_CH4_E_R_1001";"annually reported emissions of methane (CH4) from all sectors in kt/year";"DE927";"Landkreis Nienburg (Weser)";"P1Y/2018-12-31";"2018-12-31";"kt/year";6.5;3;1001
1136685304;"RGN_DEU_P1Y_CH4_E_R_1001";"annually reported emissions of methane (CH4) from all sectors in kt/year";"DE928";"Landkreis Schaumburg";"P1Y/2018-12-31";"2018-12-31";"kt/year";4.2;3;1001
1136685304;"RGN_DEU_P1Y_CH4_E_R_1001";"annually reported emissions of methane (CH4) from all sectors in kt/year";"DE929";"Region Hannover";"P1Y/2018-12-31";"2018-12-31";"kt/year";15.7;3;1001
1136685304;"RGN_DEU_P1Y_CH4_E_R_1001";"annually reported emissions of methane (CH4) from all sectors in kt/year";"DE93A";"Landkreis Uelzen";"P1Y/2018-12-31";"2018-12-31";"kt/year";9.1;3;1001
1136685304;"RGN_DEU_P1Y_CH4_E_R_1001";"annually reported emissions of methane (CH4) from all sectors in kt/year";"DE93B";"Landkreis Verden";"P1Y/2018-12-31";"2018-12-31";"kt/year";6.9;3;1001
1136685304;"RGN_DEU_P1Y_CH4_E_R_1001";"annually reported emissions of methane (CH4) from all sectors in kt/year";"DE931";"Landkreis Celle";"P1Y/2018-12-31";"2018-12-31";"kt/year";7.7;3;1001
1136685304;"RGN_DEU_P1Y_CH4_E_R_1001";"annually reported emissions of methane (CH4) from all sectors in kt/year";"DE932";"Landkreis Cuxhaven";"P1Y/2018-12-31";"2018-12-31";"kt/year";18.8;3;1001
1136685304;"RGN_DEU_P1Y_CH4_E_R_1001";"annually reported emissions of methane (CH4) from all sectors in kt/year";"DE933";"Landkreis Harburg";"P1Y/2018-12-31";"2018-12-31";"kt/year";6.7;3;1001
1136685304;"RGN_DEU_P1Y_CH4_E_R_1001";"annually reported emissions of methane (CH4) from all sectors in kt/year";"DE934";"Landkreis Lüchow-Dannenberg";"P1Y/2018-12-31";"2018-12-31";"kt/year";7.9;3;1001
1136685304;"RGN_DEU_P1Y_CH4_E_R_1001";"annually reported emissions of methane (CH4) from all sectors in kt/year";"DE935";"Landkreis Lüneburg";"P1Y/2018-12-31";"2018-12-31";"kt/year";6.5;3;1001
1136685304;"RGN_DEU_P1Y_CH4_E_R_1001";"annually reported emissions of methane (CH4) from all sectors in kt/year";"DE936";"Landkreis Osterholz";"P1Y/2018-12-31";"2018-12-31";"kt/year";5.4;3;1001
1136685304;"RGN_DEU_P1Y_CH4_E_R_1001";"annually reported emissions of methane (CH4) from all sectors in kt/year";"DE937";"Landkreis Rotenburg (Wümme)";"P1Y/2018-12-31";"2018-12-31";"kt/year";16.7;3;1001
1136685304;"RGN_DEU_P1Y_CH4_E_R_1001";"annually reported emissions of methane (CH4) from all sectors in kt/year";"DE938";"Heidekreis";"P1Y/2018-12-31";"2018-12-31";"kt/year";10.3;3;1001
1136685304;"RGN_DEU_P1Y_CH4_E_R_1001";"annually reported emissions of methane (CH4) from all sectors in kt/year";"DE939";"Landkreis Stade";"P1Y/2018-12-31";"2018-12-31";"kt/year";10.1;3;1001
1136685304;"RGN_DEU_P1Y_CH4_E_R_1001";"annually reported emissions of methane (CH4) from all sectors in kt/year";"DE94A";"Landkreis Friesland";"P1Y/2018-12-31";"2018-12-31";"kt/year";9.3;3;1001
1136685304;"RGN_DEU_P1Y_CH4_E_R_1001";"annually reported emissions of methane (CH4) from all sectors in kt/year";"DE94B";"Landkreis Grafschaft Bentheim";"P1Y/2018-12-31";"2018-12-31";"kt/year";14.8;3;1001
1136685304;"RGN_DEU_P1Y_CH4_E_R_1001";"annually reported emissions of methane (CH4) from all sectors in kt/year";"DE94C";"Landkreis Leer";"P1Y/2018-12-31";"2018-12-31";"kt/year";16.6;3;1001
1136685304;"RGN_DEU_P1Y_CH4_E_R_1001";"annually reported emissions of methane (CH4) from all sectors in kt/year";"DE94D";"Landkreis Oldenburg";"P1Y/2018-12-31";"2018-12-31";"kt/year";15;3;1001
1136685304;"RGN_DEU_P1Y_CH4_E_R_1001";"annually reported emissions of methane (CH4) from all sectors in kt/year";"DE94E";"Landkreis Osnabrück";"P1Y/2018-12-31";"2018-12-31";"kt/year";19.3;3;1001
1136685304;"RGN_DEU_P1Y_CH4_E_R_1001";"annually reported emissions of methane (CH4) from all sectors in kt/year";"DE94F";"Landkreis Vechta";"P1Y/2018-12-31";"2018-12-31";"kt/year";10;3;1001
1136685304;"RGN_DEU_P1Y_CH4_E_R_1001";"annually reported emissions of methane (CH4) from all sectors in kt/year";"DE94G";"Landkreis Wesermarsch";"P1Y/2018-12-31";"2018-12-31";"kt/year";11.7;3;1001
1136685304;"RGN_DEU_P1Y_CH4_E_R_1001";"annually reported emissions of methane (CH4) from all sectors in kt/year";"DE94H";"Landkreis Wittmund";"P1Y/2018-12-31";"2018-12-31";"kt/year";9.6;3;1001
1136685304;"RGN_DEU_P1Y_CH4_E_R_1001";"annually reported emissions of methane (CH4) from all sectors in kt/year";"DE941";"Kreisfreie Stadt Delmenhorst";"P1Y/2018-12-31";"2018-12-31";"kt/year";0.8;3;1001
1136685304;"RGN_DEU_P1Y_CH4_E_R_1001";"annually reported emissions of methane (CH4) from all sectors in kt/year";"DE942";"Kreisfreie Stadt Emden";"P1Y/2018-12-31";"2018-12-31";"kt/year";1.3;3;1001
1136685304;"RGN_DEU_P1Y_CH4_E_R_1001";"annually reported emissions of methane (CH4) from all sectors in kt/year";"DE943";"Kreisfreie Stadt Oldenburg (Oldb)";"P1Y/2018-12-31";"2018-12-31";"kt/year";1.3;3;1001
1136685304;"RGN_DEU_P1Y_CH4_E_R_1001";"annually reported emissions of methane (CH4) from all sectors in kt/year";"DE944";"Kreisfreie Stadt Osnabrück";"P1Y/2018-12-31";"2018-12-31";"kt/year";1.5;3;1001
1136685304;"RGN_DEU_P1Y_CH4_E_R_1001";"annually reported emissions of methane (CH4) from all sectors in kt/year";"DE945";"Kreisfreie Stadt Wilhelmshaven";"P1Y/2018-12-31";"2018-12-31";"kt/year";1;3;1001
1136685304;"RGN_DEU_P1Y_CH4_E_R_1001";"annually reported emissions of methane (CH4) from all sectors in kt/year";"DE946";"Landkreis Ammerland";"P1Y/2018-12-31";"2018-12-31";"kt/year";10;3;1001
1136685304;"RGN_DEU_P1Y_CH4_E_R_1001";"annually reported emissions of methane (CH4) from all sectors in kt/year";"DE947";"Landkreis Aurich";"P1Y/2018-12-31";"2018-12-31";"kt/year";14.3;3;1001
1136685304;"RGN_DEU_P1Y_CH4_E_R_1001";"annually reported emissions of methane (CH4) from all sectors in kt/year";"DE948";"Landkreis Cloppenburg";"P1Y/2018-12-31";"2018-12-31";"kt/year";19.4;3;1001
1136685304;"RGN_DEU_P1Y_CH4_E_R_1001";"annually reported emissions of methane (CH4) from all sectors in kt/year";"DE949";"Landkreis Emsland";"P1Y/2018-12-31";"2018-12-31";"kt/year";34;3;1001
